arquivo,antena,unidade,teste,ensaio,tempo_s,status,latencia_ms,rssi_link_dbm,channel_burst,bssid_burst
Ping_A0_U1_T1.txt,A0,U1,T1,A0_U1_T1,0.0,OK,4.17,-55.0,11,84:0B:BB:2A:35:70
Ping_A0_U1_T1.txt,A0,U1,T1,A0_U1_T1,4.118,OK,11.37,-56.0,11,84:0B:BB:2A:35:70
Ping_A0_U1_T1.txt,A0,U1,T1,A0_U1_T1,8.267,OK,17.08,-57.0,11,84:0B:BB:2A:35:70
Ping_A0_U1_T1.txt,A0,U1,T1,A0_U1_T1,12.424,OK,4.13,-59.0,11,84:0B:BB:2A:35:70
Ping_A0_U1_T1.txt,A0,U1,T1,A0_U1_T1,16.554,OK,3.99,-56.0,11,84:0B:BB:2A:35:70
Ping_A0_U1_T1.txt,A0,U1,T1,A0_U1_T1,20.694,OK,4.95,-63.0,11,84:0B:BB:2A:35:70
Ping_A0_U1_T1.txt,A0,U1,T1,A0_U1_T1,24.958,OK,3.95,-57.0,11,84:0B:BB:2A:35:70
Ping_A0_U1_T1.txt,A0,U1,T1,A0_U1_T1,29.107,OK,8.23,-58.0,11,84:0B:BB:2A:35:70
Ping_A0_U1_T1.txt,A0,U1,T1,A0_U1_T1,33.259,OK,8.13,-57.0,11,84:0B:BB:2A:35:70
Ping_A0_U1_T1.txt,A0,U1,T1,A0_U1_T1,37.417,OK,8.37,-46.0,11,84:0B:BB:2A:35:70
Ping_A0_U1_T1.txt,A0,U1,T1,A0_U1_T1,41.553,OK,4.01,-38.0,11,84:0B:BB:2A:35:70
Ping_A0_U1_T1.txt,A0,U1,T1,A0_U1_T1,45.678,OK,3.74,-37.0,11,84:0B:BB:2A:35:70
Ping_A0_U1_T1.txt,A0,U1,T1,A0_U1_T1,49.833,OK,7.88,-36.0,11,84:0B:BB:2A:35:70
Ping_A0_U1_T1.txt,A0,U1,T1,A0_U1_T1,53.965,OK,3.78,-37.0,11,84:0B:BB:2A:35:70
Ping_A0_U1_T1.txt,A0,U1,T1,A0_U1_T1,58.115,OK,5.0,-38.0,11,84:0B:BB:2A:35:70
Ping_A0_U1_T1.txt,A0,U1,T1,A0_U1_T1,62.311,OK,16.58,-37.0,11,84:0B:BB:2A:35:70
Ping_A0_U1_T1.txt,A0,U1,T1,A0_U1_T1,66.46,OK,5.81,-39.0,11,84:0B:BB:2A:35:70
Ping_A0_U1_T1.txt,A0,U1,T1,A0_U1_T1,70.61,OK,4.85,-38.0,11,84:0B:BB:2A:35:70
Ping_A0_U1_T1.txt,A0,U1,T1,A0_U1_T1,74.743,OK,3.24,-38.0,11,84:0B:BB:2A:35:70
Ping_A0_U1_T1.txt,A0,U1,T1,A0_U1_T1,78.899,OK,6.64,-37.0,11,84:0B:BB:2A:35:70
Ping_A0_U1_T1.txt,A0,U1,T1,A0_U1_T1,83.046,OK,4.36,-37.0,11,84:0B:BB:2A:35:70
Ping_A0_U1_T1.txt,A0,U1,T1,A0_U1_T1,87.196,OK,4.52,-38.0,11,84:0B:BB:2A:35:70
Ping_A0_U1_T1.txt,A0,U1,T1,A0_U1_T1,91.543,OK,13.58,-37.0,11,84:0B:BB:2A:35:70
Ping_A0_U1_T1.txt,A0,U1,T1,A0_U1_T1,95.683,OK,3.36,-41.0,11,84:0B:BB:2A:35:70
Ping_A0_U1_T1.txt,A0,U1,T1,A0_U1_T1,99.829,OK,4.12,-41.0,11,84:0B:BB:2A:35:70
Ping_A0_U1_T1.txt,A0,U1,T1,A0_U1_T1,103.97,OK,4.42,-48.0,11,84:0B:BB:2A:35:70
Ping_A0_U1_T1.txt,A0,U1,T1,A0_U1_T1,108.117,OK,3.41,-50.0,11,84:0B:BB:2A:35:70
Ping_A0_U1_T1.txt,A0,U1,T1,A0_U1_T1,112.266,OK,4.1,-49.0,11,84:0B:BB:2A:35:70
Ping_A0_U1_T1.txt,A0,U1,T1,A0_U1_T1,116.428,OK,8.24,-49.0,11,84:0B:BB:2A:35:70
Ping_A0_U1_T1.txt,A0,U1,T1,A0_U1_T1,120.577,OK,3.83,-50.0,11,84:0B:BB:2A:35:70
Ping_A0_U1_T1.txt,A0,U1,T1,A0_U1_T1,124.73,OK,5.12,-50.0,11,84:0B:BB:2A:35:70
Ping_A0_U1_T1.txt,A0,U1,T1,A0_U1_T1,128.877,OK,4.29,-49.0,11,84:0B:BB:2A:35:70
Ping_A0_U1_T1.txt,A0,U1,T1,A0_U1_T1,133.042,OK,7.21,-51.0,11,84:0B:BB:2A:35:70
Ping_A0_U1_T1.txt,A0,U1,T1,A0_U1_T1,137.199,OK,6.85,-49.0,11,84:0B:BB:2A:35:70
Ping_A0_U1_T1.txt,A0,U1,T1,A0_U1_T1,141.351,OK,4.02,-49.0,11,84:0B:BB:2A:35:70
Ping_A0_U1_T1.txt,A0,U1,T1,A0_U1_T1,145.507,OK,5.0,-48.0,11,84:0B:BB:2A:35:70
Ping_A0_U1_T1.txt,A0,U1,T1,A0_U1_T1,150.139,OK,99.78,-49.0,11,84:0B:BB:2A:35:70
Ping_A0_U1_T1.txt,A0,U1,T1,A0_U1_T1,154.414,OK,28.42,-49.0,11,84:0B:BB:2A:35:70
Ping_A0_U1_T1.txt,A0,U1,T1,A0_U1_T1,158.787,OK,9.41,-48.0,11,84:0B:BB:2A:35:70
Ping_A0_U1_T1.txt,A0,U1,T1,A0_U1_T1,162.939,OK,8.01,-50.0,11,84:0B:BB:2A:35:70
Ping_A0_U1_T1.txt,A0,U1,T1,A0_U1_T1,167.066,OK,4.3,-51.0,11,84:0B:BB:2A:35:70
Ping_A0_U1_T1.txt,A0,U1,T1,A0_U1_T1,171.188,OK,3.56,-51.0,11,84:0B:BB:2A:35:70
Ping_A0_U1_T1.txt,A0,U1,T1,A0_U1_T1,175.312,OK,3.69,-51.0,11,84:0B:BB:2A:35:70
Ping_A0_U1_T1.txt,A0,U1,T1,A0_U1_T1,179.48,OK,9.77,-51.0,11,84:0B:BB:2A:35:70
Ping_A0_U1_T1.txt,A0,U1,T1,A0_U1_T1,183.624,OK,5.0,-49.0,11,84:0B:BB:2A:35:70
Ping_A0_U1_T1.txt,A0,U1,T1,A0_U1_T1,187.779,OK,8.76,-50.0,11,84:0B:BB:2A:35:70
Ping_A0_U1_T1.txt,A0,U1,T1,A0_U1_T1,191.933,OK,8.57,-51.0,11,84:0B:BB:2A:35:70
Ping_A0_U1_T1.txt,A0,U1,T1,A0_U1_T1,196.082,OK,7.97,-50.0,11,84:0B:BB:2A:35:70
Ping_A0_U1_T1.txt,A0,U1,T1,A0_U1_T1,200.229,OK,6.55,-51.0,11,84:0B:BB:2A:35:70
Ping_A0_U1_T1.txt,A0,U1,T1,A0_U1_T1,204.357,OK,3.45,-50.0,11,84:0B:BB:2A:35:70
Ping_A0_U1_T1.txt,A0,U1,T1,A0_U1_T1,208.497,OK,5.67,-49.0,11,84:0B:BB:2A:35:70
Ping_A0_U1_T1.txt,A0,U1,T1,A0_U1_T1,212.636,OK,4.87,-50.0,11,84:0B:BB:2A:35:70
Ping_A0_U1_T1.txt,A0,U1,T1,A0_U1_T1,216.797,OK,8.59,-52.0,11,84:0B:BB:2A:35:70
Ping_A0_U1_T1.txt,A0,U1,T1,A0_U1_T1,220.972,OK,12.68,-50.0,11,84:0B:BB:2A:35:70
Ping_A0_U1_T1.txt,A0,U1,T1,A0_U1_T1,225.259,OK,4.46,-50.0,11,84:0B:BB:2A:35:70
Ping_A0_U1_T1.txt,A0,U1,T1,A0_U1_T1,229.384,OK,3.86,-50.0,11,84:0B:BB:2A:35:70
Ping_A0_U1_T1.txt,A0,U1,T1,A0_U1_T1,233.513,OK,3.19,-50.0,11,84:0B:BB:2A:35:70
Ping_A0_U1_T1.txt,A0,U1,T1,A0_U1_T1,237.645,OK,4.03,-45.0,11,84:0B:BB:2A:35:70
Ping_A0_U1_T1.txt,A0,U1,T1,A0_U1_T1,241.788,OK,5.83,-47.0,11,84:0B:BB:2A:35:70
Ping_A4_U1_T1.txt,A4,U1,T1,A4_U1_T1,0.0,OK,19.45,-59.0,11,84:0B:BB:2A:35:70
Ping_A4_U1_T1.txt,A4,U1,T1,A4_U1_T1,4.097,OK,6.9,-44.0,11,84:0B:BB:2A:35:70
Ping_A4_U1_T1.txt,A4,U1,T1,A4_U1_T1,8.233,OK,14.51,-45.0,11,84:0B:BB:2A:35:70
Ping_A4_U1_T1.txt,A4,U1,T1,A4_U1_T1,12.494,OK,28.11,-47.0,11,84:0B:BB:2A:35:70
Ping_A4_U1_T1.txt,A4,U1,T1,A4_U1_T1,16.898,OK,57.4,-46.0,11,84:0B:BB:2A:35:70
Ping_A4_U1_T1.txt,A4,U1,T1,A4_U1_T1,21.079,OK,14.34,-46.0,11,84:0B:BB:2A:35:70
Ping_A4_U1_T1.txt,A4,U1,T1,A4_U1_T1,25.273,OK,15.51,-43.0,11,84:0B:BB:2A:35:70
Ping_A4_U1_T1.txt,A4,U1,T1,A4_U1_T1,29.536,OK,3.59,-43.0,11,84:0B:BB:2A:35:70
Ping_A4_U1_T1.txt,A4,U1,T1,A4_U1_T1,33.653,OK,3.11,-43.0,11,84:0B:BB:2A:35:70
Ping_A4_U1_T1.txt,A4,U1,T1,A4_U1_T1,37.816,OK,9.32,-44.0,11,84:0B:BB:2A:35:70
Ping_A4_U1_T1.txt,A4,U1,T1,A4_U1_T1,41.965,OK,7.99,-44.0,11,84:0B:BB:2A:35:70
Ping_A4_U1_T1.txt,A4,U1,T1,A4_U1_T1,46.137,OK,12.43,-44.0,11,84:0B:BB:2A:35:70
Ping_A4_U1_T1.txt,A4,U1,T1,A4_U1_T1,50.398,OK,28.66,-43.0,11,84:0B:BB:2A:35:70
Ping_A4_U1_T1.txt,A4,U1,T1,A4_U1_T1,54.54,OK,9.02,-45.0,11,84:0B:BB:2A:35:70
Ping_A4_U1_T1.txt,A4,U1,T1,A4_U1_T1,58.694,OK,5.9,-43.0,11,84:0B:BB:2A:35:70
Ping_A4_U1_T1.txt,A4,U1,T1,A4_U1_T1,62.838,OK,4.87,-44.0,11,84:0B:BB:2A:35:70
Ping_A4_U1_T1.txt,A4,U1,T1,A4_U1_T1,66.986,OK,7.56,-44.0,11,84:0B:BB:2A:35:70
Ping_A4_U1_T1.txt,A4,U1,T1,A4_U1_T1,71.136,OK,7.82,-44.0,11,84:0B:BB:2A:35:70
Ping_A4_U1_T1.txt,A4,U1,T1,A4_U1_T1,75.29,OK,6.57,-44.0,11,84:0B:BB:2A:35:70
Ping_A4_U1_T1.txt,A4,U1,T1,A4_U1_T1,79.449,OK,8.87,-48.0,11,84:0B:BB:2A:35:70
Ping_A4_U1_T1.txt,A4,U1,T1,A4_U1_T1,83.63,OK,13.11,-43.0,11,84:0B:BB:2A:35:70
Ping_A4_U1_T1.txt,A4,U1,T1,A4_U1_T1,87.801,OK,9.24,-44.0,11,84:0B:BB:2A:35:70
Ping_A4_U1_T1.txt,A4,U1,T1,A4_U1_T1,91.941,OK,3.3,-44.0,11,84:0B:BB:2A:35:70
Ping_A4_U1_T1.txt,A4,U1,T1,A4_U1_T1,96.238,OK,6.44,-44.0,11,84:0B:BB:2A:35:70
Ping_A4_U1_T1.txt,A4,U1,T1,A4_U1_T1,100.435,OK,14.81,-45.0,11,84:0B:BB:2A:35:70
Ping_A4_U1_T1.txt,A4,U1,T1,A4_U1_T1,104.576,OK,4.84,-44.0,11,84:0B:BB:2A:35:70
Ping_A4_U1_T1.txt,A4,U1,T1,A4_U1_T1,108.73,OK,7.43,-45.0,11,84:0B:BB:2A:35:70
Ping_A4_U1_T1.txt,A4,U1,T1,A4_U1_T1,112.889,OK,6.08,-44.0,11,84:0B:BB:2A:35:70
Ping_A4_U1_T1.txt,A4,U1,T1,A4_U1_T1,117.074,OK,16.96,-43.0,11,84:0B:BB:2A:35:70
Ping_A4_U1_T1.txt,A4,U1,T1,A4_U1_T1,121.549,OK,69.16,-45.0,11,84:0B:BB:2A:35:70
Ping_A4_U1_T1.txt,A4,U1,T1,A4_U1_T1,125.729,OK,9.53,-45.0,11,84:0B:BB:2A:35:70
Ping_A4_U1_T1.txt,A4,U1,T1,A4_U1_T1,129.87,OK,5.31,-45.0,11,84:0B:BB:2A:35:70
Ping_A4_U1_T1.txt,A4,U1,T1,A4_U1_T1,134.008,OK,4.27,-46.0,11,84:0B:BB:2A:35:70
Ping_A4_U1_T1.txt,A4,U1,T1,A4_U1_T1,138.164,OK,5.6,-52.0,11,84:0B:BB:2A:35:70
Ping_A4_U1_T1.txt,A4,U1,T1,A4_U1_T1,142.32,OK,6.64,-43.0,11,84:0B:BB:2A:35:70
Ping_A4_U1_T1.txt,A4,U1,T1,A4_U1_T1,146.494,OK,7.23,-46.0,11,84:0B:BB:2A:35:70
Ping_A4_U1_T1.txt,A4,U1,T1,A4_U1_T1,150.653,OK,4.92,-45.0,11,84:0B:BB:2A:35:70
Ping_A4_U1_T1.txt,A4,U1,T1,A4_U1_T1,154.807,OK,4.72,-46.0,11,84:0B:BB:2A:35:70
Ping_A4_U1_T1.txt,A4,U1,T1,A4_U1_T1,159.013,OK,4.16,-44.0,11,84:0B:BB:2A:35:70
Ping_A4_U1_T1.txt,A4,U1,T1,A4_U1_T1,163.314,OK,10.89,-44.0,11,84:0B:BB:2A:35:70
Ping_A4_U1_T1.txt,A4,U1,T1,A4_U1_T1,167.528,OK,22.13,-45.0,11,84:0B:BB:2A:35:70
Ping_A4_U1_T1.txt,A4,U1,T1,A4_U1_T1,171.664,OK,5.35,-47.0,11,84:0B:BB:2A:35:70
Ping_A4_U1_T1.txt,A4,U1,T1,A4_U1_T1,175.783,OK,5.16,-45.0,11,84:0B:BB:2A:35:70
Ping_A4_U1_T1.txt,A4,U1,T1,A4_U1_T1,179.924,OK,4.61,-46.0,11,84:0B:BB:2A:35:70
Ping_A4_U1_T1.txt,A4,U1,T1,A4_U1_T1,184.099,OK,11.44,-43.0,11,84:0B:BB:2A:35:70
Ping_A4_U1_T1.txt,A4,U1,T1,A4_U1_T1,188.255,OK,11.18,-45.0,11,84:0B:BB:2A:35:70
Ping_A4_U1_T1.txt,A4,U1,T1,A4_U1_T1,192.375,OK,3.12,-46.0,11,84:0B:BB:2A:35:70
Ping_A4_U1_T1.txt,A4,U1,T1,A4_U1_T1,196.533,OK,8.5,-46.0,11,84:0B:BB:2A:35:70
Ping_A4_U1_T1.txt,A4,U1,T1,A4_U1_T1,200.675,OK,6.76,-45.0,11,84:0B:BB:2A:35:70
Ping_A4_U1_T1.txt,A4,U1,T1,A4_U1_T1,204.822,OK,5.4,-45.0,11,84:0B:BB:2A:35:70
Ping_A4_U1_T1.txt,A4,U1,T1,A4_U1_T1,208.982,OK,9.95,-44.0,11,84:0B:BB:2A:35:70
Ping_A4_U1_T1.txt,A4,U1,T1,A4_U1_T1,213.119,OK,5.19,-45.0,11,84:0B:BB:2A:35:70
Ping_A4_U1_T1.txt,A4,U1,T1,A4_U1_T1,217.297,OK,12.24,-45.0,11,84:0B:BB:2A:35:70
Ping_A4_U1_T1.txt,A4,U1,T1,A4_U1_T1,221.471,OK,8.86,-44.0,11,84:0B:BB:2A:35:70
Ping_A4_U1_T1.txt,A4,U1,T1,A4_U1_T1,225.612,OK,6.58,-45.0,11,84:0B:BB:2A:35:70
Ping_A4_U1_T1.txt,A4,U1,T1,A4_U1_T1,229.89,OK,4.02,-44.0,11,84:0B:BB:2A:35:70
Ping_A4_U1_T1.txt,A4,U1,T1,A4_U1_T1,234.074,OK,13.11,-43.0,11,84:0B:BB:2A:35:70
Ping_A4_U1_T1.txt,A4,U1,T1,A4_U1_T1,238.229,OK,11.27,-44.0,11,84:0B:BB:2A:35:70
Ping_A4_U1_T1.txt,A4,U1,T1,A4_U1_T1,242.387,OK,6.91,-44.0,11,84:0B:BB:2A:35:70
Ping_A4_U1_T1.txt,A4,U1,T1,A4_U1_T1,246.542,OK,6.29,-44.0,11,84:0B:BB:2A:35:70
Ping_A4_U1_T1.txt,A4,U1,T1,A4_U1_T1,250.676,OK,4.95,-43.0,11,84:0B:BB:2A:35:70
Ping_A4_U1_T1.txt,A4,U1,T1,A4_U1_T1,254.817,OK,5.31,-44.0,11,84:0B:BB:2A:35:70
Ping_A4_U1_T1.txt,A4,U1,T1,A4_U1_T1,258.956,OK,3.45,-45.0,11,84:0B:BB:2A:35:70
Ping_A4_U1_T1.txt,A4,U1,T1,A4_U1_T1,263.092,OK,4.39,-45.0,11,84:0B:BB:2A:35:70
Ping_A4_U1_T1.txt,A4,U1,T1,A4_U1_T1,267.282,OK,11.51,-43.0,11,84:0B:BB:2A:35:70
Ping_A4_U1_T1.txt,A4,U1,T1,A4_U1_T1,271.427,OK,5.36,-46.0,11,84:0B:BB:2A:35:70
Ping_A4_U1_T1.txt,A4,U1,T1,A4_U1_T1,275.571,OK,4.32,-44.0,11,84:0B:BB:2A:35:70
Ping_A4_U1_T1.txt,A4,U1,T1,A4_U1_T1,279.742,OK,9.92,-45.0,11,84:0B:BB:2A:35:70
Ping_A4_U1_T1.txt,A4,U1,T1,A4_U1_T1,283.919,OK,8.2,-43.0,11,84:0B:BB:2A:35:70
Ping_A4_U1_T1.txt,A4,U1,T1,A4_U1_T1,288.054,OK,3.34,-43.0,11,84:0B:BB:2A:35:70
Ping_A4_U1_T1.txt,A4,U1,T1,A4_U1_T1,292.209,OK,3.96,-43.0,11,84:0B:BB:2A:35:70
Ping_A4_U1_T1.txt,A4,U1,T1,A4_U1_T1,296.495,OK,3.26,-44.0,11,84:0B:BB:2A:35:70
Ping_A4_U1_T1.txt,A4,U1,T1,A4_U1_T1,300.633,OK,7.31,-44.0,11,84:0B:BB:2A:35:70
Ping_A4_U1_T1.txt,A4,U1,T1,A4_U1_T1,305.034,OK,53.86,-43.0,11,84:0B:BB:2A:35:70
Ping_A4_U1_T1.txt,A4,U1,T1,A4_U1_T1,309.233,OK,13.04,-43.0,11,84:0B:BB:2A:35:70
Ping_A4_U1_T1.txt,A4,U1,T1,A4_U1_T1,313.409,OK,11.75,-43.0,11,84:0B:BB:2A:35:70
Ping_A4_U1_T1.txt,A4,U1,T1,A4_U1_T1,317.568,OK,7.91,-43.0,11,84:0B:BB:2A:35:70
Ping_A4_U1_T1.txt,A4,U1,T1,A4_U1_T1,321.773,OK,6.6,-43.0,11,84:0B:BB:2A:35:70
Ping_A4_U1_T1.txt,A4,U1,T1,A4_U1_T1,325.92,OK,5.84,-44.0,11,84:0B:BB:2A:35:70
Ping_A4_U1_T1.txt,A4,U1,T1,A4_U1_T1,330.081,OK,10.75,-49.0,11,84:0B:BB:2A:35:70
Ping_A4_U1_T1.txt,A4,U1,T1,A4_U1_T1,334.215,OK,4.24,-49.0,11,84:0B:BB:2A:35:70
Ping_A4_U1_T1.txt,A4,U1,T1,A4_U1_T1,338.371,OK,7.94,-53.0,11,84:0B:BB:2A:35:70
Ping_A4_U1_T1.txt,A4,U1,T1,A4_U1_T1,342.508,OK,4.03,-51.0,11,84:0B:BB:2A:35:70
Ping_A4_U1_T1.txt,A4,U1,T1,A4_U1_T1,346.633,OK,3.15,-49.0,11,84:0B:BB:2A:35:70
Ping_A4_U1_T1.txt,A4,U1,T1,A4_U1_T1,350.808,OK,11.53,-48.0,11,84:0B:BB:2A:35:70
Ping_A4_U1_T1.txt,A4,U1,T1,A4_U1_T1,354.944,OK,3.41,-48.0,11,84:0B:BB:2A:35:70
Ping_A4_U1_T1.txt,A4,U1,T1,A4_U1_T1,359.097,OK,7.76,-48.0,11,84:0B:BB:2A:35:70
Ping_A4_U1_T1.txt,A4,U1,T1,A4_U1_T1,363.362,OK,3.03,-61.0,11,84:0B:BB:2A:35:70
Ping_A4_U1_T1.txt,A4,U1,T1,A4_U1_T1,367.499,OK,3.65,-48.0,11,84:0B:BB:2A:35:70
Ping_A4_U1_T1.txt,A4,U1,T1,A4_U1_T1,371.635,OK,6.65,-48.0,11,84:0B:BB:2A:35:70
Ping_A4_U1_T1.txt,A4,U1,T1,A4_U1_T1,375.775,OK,6.93,-49.0,11,84:0B:BB:2A:35:70
Ping_A4_U1_T1.txt,A4,U1,T1,A4_U1_T1,379.911,OK,4.29,-49.0,11,84:0B:BB:2A:35:70
Ping_A4_U1_T1.txt,A4,U1,T1,A4_U1_T1,384.288,OK,54.41,-52.0,11,84:0B:BB:2A:35:70
Ping_A4_U1_T1.txt,A4,U1,T1,A4_U1_T1,388.485,OK,15.5,-51.0,11,84:0B:BB:2A:35:70
Ping_A4_U1_T1.txt,A4,U1,T1,A4_U1_T1,392.628,OK,5.82,-53.0,11,84:0B:BB:2A:35:70
Ping_A4_U1_T1.txt,A4,U1,T1,A4_U1_T1,396.805,OK,12.12,-56.0,11,84:0B:BB:2A:35:70
Ping_A4_U1_T1.txt,A4,U1,T1,A4_U1_T1,400.957,OK,4.78,-47.0,11,84:0B:BB:2A:35:70
Ping_A4_U1_T1.txt,A4,U1,T1,A4_U1_T1,405.097,OK,5.45,-50.0,11,84:0B:BB:2A:35:70
Ping_A4_U1_T1.txt,A4,U1,T1,A4_U1_T1,409.251,OK,8.09,-41.0,11,84:0B:BB:2A:35:70
Ping_A4_U1_T1.txt,A4,U1,T1,A4_U1_T1,413.414,OK,7.16,-46.0,11,84:0B:BB:2A:35:70
Ping_A4_U1_T1.txt,A4,U1,T1,A4_U1_T1,417.552,OK,3.37,-45.0,11,84:0B:BB:2A:35:70
Ping_A4_U1_T1.txt,A4,U1,T1,A4_U1_T1,421.689,OK,3.61,-47.0,11,84:0B:BB:2A:35:70
Ping_A4_U1_T1.txt,A4,U1,T1,A4_U1_T1,425.845,OK,5.02,-47.0,11,84:0B:BB:2A:35:70
Ping_A4_U1_T1.txt,A4,U1,T1,A4_U1_T1,430.122,OK,3.12,-45.0,11,84:0B:BB:2A:35:70
Ping_A4_U1_T1.txt,A4,U1,T1,A4_U1_T1,434.246,OK,2.95,-45.0,11,84:0B:BB:2A:35:70
Ping_A4_U1_T1.txt,A4,U1,T1,A4_U1_T1,438.383,OK,4.47,-42.0,11,84:0B:BB:2A:35:70
Ping_A4_U1_T1.txt,A4,U1,T1,A4_U1_T1,442.533,OK,5.46,-44.0,11,84:0B:BB:2A:35:70
Ping_A4_U1_T1.txt,A4,U1,T1,A4_U1_T1,446.676,OK,5.25,-48.0,11,84:0B:BB:2A:35:70
Ping_A4_U1_T1.txt,A4,U1,T1,A4_U1_T1,450.834,OK,5.1,-45.0,11,84:0B:BB:2A:35:70
Ping_A4_U1_T1.txt,A4,U1,T1,A4_U1_T1,454.973,OK,3.42,-46.0,11,84:0B:BB:2A:35:70
Ping_A4_U1_T1.txt,A4,U1,T1,A4_U1_T1,459.122,OK,5.42,-47.0,11,84:0B:BB:2A:35:70
Ping_A4_U1_T1.txt,A4,U1,T1,A4_U1_T1,463.282,OK,4.67,-55.0,11,84:0B:BB:2A:35:70
Ping_A4_U1_T2.txt,A4,U1,T2,A4_U1_T2,0.0,OK,8.72,-47.0,11,84:0B:BB:2A:35:70
Ping_A4_U1_T2.txt,A4,U1,T2,A4_U1_T2,4.083,OK,4.32,-49.0,11,84:0B:BB:2A:35:70
Ping_A4_U1_T2.txt,A4,U1,T2,A4_U1_T2,8.208,OK,12.68,-50.0,11,84:0B:BB:2A:35:70
Ping_A4_U1_T2.txt,A4,U1,T2,A4_U1_T2,12.35,OK,5.45,-44.0,11,84:0B:BB:2A:35:70
Ping_A4_U1_T2.txt,A4,U1,T2,A4_U1_T2,16.497,OK,8.26,-46.0,11,84:0B:BB:2A:35:70
Ping_A4_U1_T2.txt,A4,U1,T2,A4_U1_T2,20.63,OK,3.38,-45.0,11,84:0B:BB:2A:35:70
Ping_A4_U1_T2.txt,A4,U1,T2,A4_U1_T2,24.767,OK,5.4,-42.0,11,84:0B:BB:2A:35:70
Ping_A4_U1_T2.txt,A4,U1,T2,A4_U1_T2,28.958,OK,13.24,-43.0,11,84:0B:BB:2A:35:70
Ping_A4_U1_T2.txt,A4,U1,T2,A4_U1_T2,33.235,OK,8.16,-44.0,11,84:0B:BB:2A:35:70
Ping_A4_U1_T2.txt,A4,U1,T2,A4_U1_T2,37.394,OK,11.43,-44.0,11,84:0B:BB:2A:35:70
Ping_A4_U1_T2.txt,A4,U1,T2,A4_U1_T2,41.535,OK,4.49,-45.0,11,84:0B:BB:2A:35:70
Ping_A4_U1_T2.txt,A4,U1,T2,A4_U1_T2,45.694,OK,7.87,-42.0,11,84:0B:BB:2A:35:70
Ping_A4_U1_T2.txt,A4,U1,T2,A4_U1_T2,49.828,OK,4.74,-46.0,11,84:0B:BB:2A:35:70
Ping_A4_U1_T2.txt,A4,U1,T2,A4_U1_T2,54.005,OK,12.97,-49.0,11,84:0B:BB:2A:35:70
Ping_A4_U1_T2.txt,A4,U1,T2,A4_U1_T2,58.15,OK,4.82,-47.0,11,84:0B:BB:2A:35:70
Ping_A4_U1_T2.txt,A4,U1,T2,A4_U1_T2,62.288,OK,7.93,-55.0,11,84:0B:BB:2A:35:70
Ping_A4_U1_T2.txt,A4,U1,T2,A4_U1_T2,66.434,OK,4.0,-50.0,11,84:0B:BB:2A:35:70
Ping_A4_U1_T2.txt,A4,U1,T2,A4_U1_T2,70.598,OK,8.26,-41.0,11,84:0B:BB:2A:35:70
Ping_A4_U1_T2.txt,A4,U1,T2,A4_U1_T2,74.735,OK,5.04,-47.0,11,84:0B:BB:2A:35:70
Ping_A4_U1_T2.txt,A4,U1,T2,A4_U1_T2,78.87,OK,4.72,-47.0,11,84:0B:BB:2A:35:70
Ping_A4_U1_T2.txt,A4,U1,T2,A4_U1_T2,83.055,OK,13.13,-47.0,11,84:0B:BB:2A:35:70
Ping_A4_U1_T2.txt,A4,U1,T2,A4_U1_T2,87.232,OK,12.98,-39.0,11,84:0B:BB:2A:35:70
Ping_A4_U1_T2.txt,A4,U1,T2,A4_U1_T2,91.391,OK,4.83,-37.0,11,84:0B:BB:2A:35:70
Ping_A4_U1_T2.txt,A4,U1,T2,A4_U1_T2,95.545,OK,7.16,-37.0,11,84:0B:BB:2A:35:70
Ping_A4_U1_T2.txt,A4,U1,T2,A4_U1_T2,99.816,OK,4.01,-36.0,11,84:0B:BB:2A:35:70
Ping_A4_U1_T2.txt,A4,U1,T2,A4_U1_T2,103.983,OK,8.5,-35.0,11,84:0B:BB:2A:35:70
Ping_A4_U1_T2.txt,A4,U1,T2,A4_U1_T2,108.137,OK,5.21,-38.0,11,84:0B:BB:2A:35:70
Ping_A4_U1_T2.txt,A4,U1,T2,A4_U1_T2,112.285,OK,4.92,-37.0,11,84:0B:BB:2A:35:70
Ping_A4_U1_T2.txt,A4,U1,T2,A4_U1_T2,116.439,OK,6.63,-38.0,11,84:0B:BB:2A:35:70
Ping_A4_U1_T2.txt,A4,U1,T2,A4_U1_T2,120.59,OK,4.56,-37.0,11,84:0B:BB:2A:35:70
Ping_A4_U1_T2.txt,A4,U1,T2,A4_U1_T2,124.716,OK,4.36,-36.0,11,84:0B:BB:2A:35:70
Ping_A4_U1_T2.txt,A4,U1,T2,A4_U1_T2,128.874,OK,5.34,-38.0,11,84:0B:BB:2A:35:70
Ping_A4_U1_T2.txt,A4,U1,T2,A4_U1_T2,133.077,OK,13.6,-38.0,11,84:0B:BB:2A:35:70
Ping_A4_U1_T2.txt,A4,U1,T2,A4_U1_T2,137.228,OK,6.08,-38.0,11,84:0B:BB:2A:35:70
Ping_A4_U1_T2.txt,A4,U1,T2,A4_U1_T2,141.381,OK,5.89,-38.0,11,84:0B:BB:2A:35:70
Ping_A4_U1_T2.txt,A4,U1,T2,A4_U1_T2,145.534,OK,4.66,-37.0,11,84:0B:BB:2A:35:70
Ping_A4_U1_T2.txt,A4,U1,T2,A4_U1_T2,149.683,OK,5.36,-37.0,11,84:0B:BB:2A:35:70
Ping_A4_U1_T2.txt,A4,U1,T2,A4_U1_T2,153.839,OK,4.24,-38.0,11,84:0B:BB:2A:35:70
Ping_A4_U1_T2.txt,A4,U1,T2,A4_U1_T2,158.031,OK,4.57,-39.0,11,84:0B:BB:2A:35:70
Ping_A4_U1_T2.txt,A4,U1,T2,A4_U1_T2,162.179,OK,5.16,-36.0,11,84:0B:BB:2A:35:70
Ping_A4_U1_T2.txt,A4,U1,T2,A4_U1_T2,166.461,OK,3.61,-42.0,11,84:0B:BB:2A:35:70
Ping_A4_U1_T2.txt,A4,U1,T2,A4_U1_T2,170.586,OK,2.92,-45.0,11,84:0B:BB:2A:35:70
Ping_A4_U1_T2.txt,A4,U1,T2,A4_U1_T2,174.718,OK,5.14,-38.0,11,84:0B:BB:2A:35:70
Ping_A4_U1_T2.txt,A4,U1,T2,A4_U1_T2,178.888,OK,11.54,-43.0,11,84:0B:BB:2A:35:70
Ping_A4_U1_T2.txt,A4,U1,T2,A4_U1_T2,183.008,OK,5.39,-42.0,11,84:0B:BB:2A:35:70
Ping_A4_U1_T2.txt,A4,U1,T2,A4_U1_T2,187.144,OK,4.36,-41.0,11,84:0B:BB:2A:35:70
Ping_A4_U1_T2.txt,A4,U1,T2,A4_U1_T2,191.339,OK,15.47,-43.0,11,84:0B:BB:2A:35:70
Ping_A4_U1_T2.txt,A4,U1,T2,A4_U1_T2,195.49,OK,9.89,-44.0,11,84:0B:BB:2A:35:70
Ping_A4_U1_T2.txt,A4,U1,T2,A4_U1_T2,199.635,OK,7.32,-40.0,11,84:0B:BB:2A:35:70
Ping_A4_U1_T2.txt,A4,U1,T2,A4_U1_T2,203.78,OK,5.62,-39.0,11,84:0B:BB:2A:35:70
Ping_A4_U1_T2.txt,A4,U1,T2,A4_U1_T2,207.901,OK,3.13,-40.0,11,84:0B:BB:2A:35:70
Ping_A4_U1_T2.txt,A4,U1,T2,A4_U1_T2,212.048,OK,4.25,-43.0,11,84:0B:BB:2A:35:70
Ping_A4_U1_T2.txt,A4,U1,T2,A4_U1_T2,216.189,OK,5.29,-44.0,11,84:0B:BB:2A:35:70
Ping_A4_U1_T2.txt,A4,U1,T2,A4_U1_T2,220.323,OK,4.2,-43.0,11,84:0B:BB:2A:35:70
Ping_A4_U1_T2.txt,A4,U1,T2,A4_U1_T2,224.461,OK,2.97,-43.0,11,84:0B:BB:2A:35:70
Ping_A4_U1_T2.txt,A4,U1,T2,A4_U1_T2,228.608,OK,6.05,-39.0,11,84:0B:BB:2A:35:70
Ping_A4_U1_T2.txt,A4,U1,T2,A4_U1_T2,232.894,OK,4.16,-41.0,11,84:0B:BB:2A:35:70
Ping_A4_U1_T2.txt,A4,U1,T2,A4_U1_T2,237.03,OK,4.81,-45.0,11,84:0B:BB:2A:35:70
Ping_A4_U1_T2.txt,A4,U1,T2,A4_U1_T2,241.181,OK,6.98,-42.0,11,84:0B:BB:2A:35:70
Ping_A4_U1_T2.txt,A4,U1,T2,A4_U1_T2,245.298,OK,3.63,-43.0,11,84:0B:BB:2A:35:70
Ping_A4_U1_T2.txt,A4,U1,T2,A4_U1_T2,249.449,OK,5.26,-45.0,11,84:0B:BB:2A:35:70
Ping_A4_U1_T2.txt,A4,U1,T2,A4_U1_T2,253.604,OK,5.48,-48.0,11,84:0B:BB:2A:35:70
Ping_A5_U3_T1.txt,A5,U3,T1,A5_U3_T1,0.0,OK,55.59,-59.0,11,84:0B:BB:2A:35:70
Ping_A5_U3_T1.txt,A5,U3,T1,A5_U3_T1,4.106,OK,9.0,-47.0,11,84:0B:BB:2A:35:70
Ping_A5_U3_T1.txt,A5,U3,T1,A5_U3_T1,8.26,OK,18.53,-50.0,11,84:0B:BB:2A:35:70
Ping_A5_U3_T1.txt,A5,U3,T1,A5_U3_T1,12.425,OK,10.22,-48.0,11,84:0B:BB:2A:35:70
Ping_A5_U3_T1.txt,A5,U3,T1,A5_U3_T1,16.578,OK,8.26,-50.0,11,84:0B:BB:2A:35:70
Ping_A5_U3_T1.txt,A5,U3,T1,A5_U3_T1,20.724,OK,5.05,-49.0,11,84:0B:BB:2A:35:70
Ping_A5_U3_T1.txt,A5,U3,T1,A5_U3_T1,24.863,OK,5.51,-49.0,11,84:0B:BB:2A:35:70
Ping_A5_U3_T1.txt,A5,U3,T1,A5_U3_T1,29.021,OK,6.19,-49.0,11,84:0B:BB:2A:35:70
Ping_A5_U3_T1.txt,A5,U3,T1,A5_U3_T1,33.289,OK,5.22,-51.0,11,84:0B:BB:2A:35:70
Ping_A5_U3_T1.txt,A5,U3,T1,A5_U3_T1,37.429,OK,5.29,-51.0,11,84:0B:BB:2A:35:70
Ping_A5_U3_T1.txt,A5,U3,T1,A5_U3_T1,41.602,OK,13.68,-51.0,11,84:0B:BB:2A:35:70
Ping_A5_U3_T1.txt,A5,U3,T1,A5_U3_T1,45.752,OK,6.69,-50.0,11,84:0B:BB:2A:35:70
Ping_A5_U3_T1.txt,A5,U3,T1,A5_U3_T1,49.905,OK,7.59,-51.0,11,84:0B:BB:2A:35:70
Ping_A5_U3_T1.txt,A5,U3,T1,A5_U3_T1,54.048,OK,6.04,-46.0,11,84:0B:BB:2A:35:70
Ping_A5_U3_T1.txt,A5,U3,T1,A5_U3_T1,58.218,OK,9.76,-50.0,11,84:0B:BB:2A:35:70
Ping_A5_U3_T1.txt,A5,U3,T1,A5_U3_T1,62.361,OK,8.98,-51.0,11,84:0B:BB:2A:35:70
Ping_A5_U3_T1.txt,A5,U3,T1,A5_U3_T1,66.5,OK,3.28,-50.0,11,84:0B:BB:2A:35:70
Ping_A5_U3_T1.txt,A5,U3,T1,A5_U3_T1,70.659,OK,6.89,-51.0,11,84:0B:BB:2A:35:70
Ping_A5_U3_T1.txt,A5,U3,T1,A5_U3_T1,74.795,OK,4.76,-49.0,11,84:0B:BB:2A:35:70
Ping_A5_U3_T1.txt,A5,U3,T1,A5_U3_T1,78.932,OK,4.84,-50.0,11,84:0B:BB:2A:35:70
Ping_A5_U3_T1.txt,A5,U3,T1,A5_U3_T1,83.071,OK,4.37,-50.0,11,84:0B:BB:2A:35:70
Ping_A5_U3_T1.txt,A5,U3,T1,A5_U3_T1,87.205,OK,3.46,-50.0,11,84:0B:BB:2A:35:70
Ping_A5_U3_T1.txt,A5,U3,T1,A5_U3_T1,91.363,OK,4.55,-50.0,11,84:0B:BB:2A:35:70
Ping_A5_U3_T1.txt,A5,U3,T1,A5_U3_T1,95.519,OK,7.71,-50.0,11,84:0B:BB:2A:35:70
Ping_A5_U3_T1.txt,A5,U3,T1,A5_U3_T1,99.833,OK,7.13,-50.0,11,84:0B:BB:2A:35:70
Ping_A5_U3_T1.txt,A5,U3,T1,A5_U3_T1,104.014,OK,13.98,-49.0,11,84:0B:BB:2A:35:70
Ping_A5_U3_T1.txt,A5,U3,T1,A5_U3_T1,108.177,OK,7.43,-49.0,11,84:0B:BB:2A:35:70
Ping_A5_U3_T1.txt,A5,U3,T1,A5_U3_T1,112.437,OK,28.09,-50.0,11,84:0B:BB:2A:35:70
Ping_A5_U3_T1.txt,A5,U3,T1,A5_U3_T1,116.588,OK,6.98,-49.0,11,84:0B:BB:2A:35:70
Ping_A5_U3_T1.txt,A5,U3,T1,A5_U3_T1,120.74,OK,5.42,-51.0,11,84:0B:BB:2A:35:70
Ping_A5_U3_T1.txt,A5,U3,T1,A5_U3_T1,124.884,OK,7.19,-50.0,11,84:0B:BB:2A:35:70
Ping_A5_U3_T1.txt,A5,U3,T1,A5_U3_T1,129.067,OK,10.47,-49.0,11,84:0B:BB:2A:35:70
Ping_A5_U3_T1.txt,A5,U3,T1,A5_U3_T1,133.225,OK,5.16,-48.0,11,84:0B:BB:2A:35:70
Ping_A5_U3_T1.txt,A5,U3,T1,A5_U3_T1,137.362,OK,3.7,-50.0,11,84:0B:BB:2A:35:70
Ping_A5_U3_T1.txt,A5,U3,T1,A5_U3_T1,141.534,OK,9.96,-51.0,11,84:0B:BB:2A:35:70
Ping_A5_U3_T1.txt,A5,U3,T1,A5_U3_T1,145.687,OK,4.53,-49.0,11,84:0B:BB:2A:35:70
Ping_A5_U3_T1.txt,A5,U3,T1,A5_U3_T1,149.856,OK,7.27,-50.0,11,84:0B:BB:2A:35:70
Ping_A5_U3_T1.txt,A5,U3,T1,A5_U3_T1,154.038,OK,8.86,-50.0,11,84:0B:BB:2A:35:70
Ping_A5_U3_T1.txt,A5,U3,T1,A5_U3_T1,158.237,OK,3.77,-49.0,11,84:0B:BB:2A:35:70
Ping_A5_U3_T1.txt,A5,U3,T1,A5_U3_T1,162.715,OK,72.03,-50.0,11,84:0B:BB:2A:35:70
Ping_A5_U3_T1.txt,A5,U3,T1,A5_U3_T1,167.09,OK,24.3,-50.0,11,84:0B:BB:2A:35:70
Ping_A5_U3_T1.txt,A5,U3,T1,A5_U3_T1,171.25,OK,11.1,-50.0,11,84:0B:BB:2A:35:70
Ping_A5_U3_T1.txt,A5,U3,T1,A5_U3_T1,175.395,OK,8.43,-50.0,11,84:0B:BB:2A:35:70
Ping_A5_U3_T1.txt,A5,U3,T1,A5_U3_T1,179.566,OK,11.4,-48.0,11,84:0B:BB:2A:35:70
Ping_A5_U3_T1.txt,A5,U3,T1,A5_U3_T1,183.707,OK,9.31,-49.0,11,84:0B:BB:2A:35:70
Ping_A5_U3_T1.txt,A5,U3,T1,A5_U3_T1,187.846,OK,4.04,-49.0,11,84:0B:BB:2A:35:70
Ping_A5_U3_T1.txt,A5,U3,T1,A5_U3_T1,191.983,OK,3.49,-49.0,11,84:0B:BB:2A:35:70
Ping_A5_U3_T1.txt,A5,U3,T1,A5_U3_T1,196.118,OK,5.92,-49.0,11,84:0B:BB:2A:35:70
Ping_A5_U3_T1.txt,A5,U3,T1,A5_U3_T1,200.255,OK,5.9,-56.0,11,84:0B:BB:2A:35:70
Ping_A5_U3_T1.txt,A5,U3,T1,A5_U3_T1,204.41,OK,8.58,-50.0,11,84:0B:BB:2A:35:70
Ping_A5_U3_T1.txt,A5,U3,T1,A5_U3_T1,208.568,OK,7.54,-50.0,11,84:0B:BB:2A:35:70
Ping_A5_U3_T1.txt,A5,U3,T1,A5_U3_T1,212.708,OK,6.45,-50.0,11,84:0B:BB:2A:35:70
Ping_A5_U3_T1.txt,A5,U3,T1,A5_U3_T1,216.842,OK,6.03,-50.0,11,84:0B:BB:2A:35:70
Ping_A5_U3_T1.txt,A5,U3,T1,A5_U3_T1,221.003,OK,7.74,-50.0,11,84:0B:BB:2A:35:70
Ping_A5_U3_T1.txt,A5,U3,T1,A5_U3_T1,225.179,OK,10.17,-51.0,11,84:0B:BB:2A:35:70
Ping_A5_U3_T1.txt,A5,U3,T1,A5_U3_T1,229.566,OK,52.63,-49.0,11,84:0B:BB:2A:35:70
Ping_A5_U3_T1.txt,A5,U3,T1,A5_U3_T1,233.893,OK,14.39,-50.0,11,84:0B:BB:2A:35:70
Ping_A5_U3_T1.txt,A5,U3,T1,A5_U3_T1,238.041,OK,7.18,-50.0,11,84:0B:BB:2A:35:70
Ping_A5_U3_T1.txt,A5,U3,T1,A5_U3_T1,242.193,OK,6.83,-50.0,11,84:0B:BB:2A:35:70
Ping_A5_U3_T1.txt,A5,U3,T1,A5_U3_T1,246.315,OK,4.32,-50.0,11,84:0B:BB:2A:35:70
Ping_A5_U3_T1.txt,A5,U3,T1,A5_U3_T1,250.457,OK,4.17,-51.0,11,84:0B:BB:2A:35:70
Ping_A5_U3_T1.txt,A5,U3,T1,A5_U3_T1,254.654,OK,13.8,-50.0,11,84:0B:BB:2A:35:70
Ping_A5_U3_T1.txt,A5,U3,T1,A5_U3_T1,258.82,OK,10.26,-50.0,11,84:0B:BB:2A:35:70
Ping_A5_U3_T1.txt,A5,U3,T1,A5_U3_T1,262.956,OK,4.9,-50.0,11,84:0B:BB:2A:35:70
Ping_A5_U3_T1.txt,A5,U3,T1,A5_U3_T1,267.103,OK,4.68,-49.0,11,84:0B:BB:2A:35:70
Ping_A5_U3_T1.txt,A5,U3,T1,A5_U3_T1,271.267,OK,6.94,-50.0,11,84:0B:BB:2A:35:70
Ping_A5_U3_T1.txt,A5,U3,T1,A5_U3_T1,275.408,OK,4.53,-50.0,11,84:0B:BB:2A:35:70
Ping_A5_U3_T1.txt,A5,U3,T1,A5_U3_T1,279.577,OK,9.28,-48.0,11,84:0B:BB:2A:35:70
Ping_A5_U3_T1.txt,A5,U3,T1,A5_U3_T1,283.881,OK,34.3,-49.0,11,84:0B:BB:2A:35:70
Ping_A5_U3_T1.txt,A5,U3,T1,A5_U3_T1,288.061,OK,9.27,-49.0,11,84:0B:BB:2A:35:70
Ping_A5_U3_T1.txt,A5,U3,T1,A5_U3_T1,292.268,OK,14.13,-49.0,11,84:0B:BB:2A:35:70
Ping_A5_U3_T1.txt,A5,U3,T1,A5_U3_T1,296.432,OK,8.01,-50.0,11,84:0B:BB:2A:35:70
Ping_A5_U3_T1.txt,A5,U3,T1,A5_U3_T1,300.723,OK,5.33,-50.0,11,84:0B:BB:2A:35:70
Ping_A5_U3_T1.txt,A5,U3,T1,A5_U3_T1,304.875,OK,4.47,-48.0,11,84:0B:BB:2A:35:70
Ping_A5_U3_T1.txt,A5,U3,T1,A5_U3_T1,309.05,OK,13.94,-49.0,11,84:0B:BB:2A:35:70
Ping_A5_U3_T1.txt,A5,U3,T1,A5_U3_T1,313.246,OK,12.97,-48.0,11,84:0B:BB:2A:35:70
Ping_A5_U3_T1.txt,A5,U3,T1,A5_U3_T1,317.405,OK,5.67,-50.0,11,84:0B:BB:2A:35:70
Ping_A5_U3_T1.txt,A5,U3,T1,A5_U3_T1,321.58,OK,3.37,-50.0,11,84:0B:BB:2A:35:70
Ping_A5_U3_T1.txt,A5,U3,T1,A5_U3_T1,325.736,OK,8.97,-49.0,11,84:0B:BB:2A:35:70
Ping_A5_U3_T1.txt,A5,U3,T1,A5_U3_T1,329.88,OK,6.05,-49.0,11,84:0B:BB:2A:35:70
Ping_A5_U3_T1.txt,A5,U3,T1,A5_U3_T1,334.03,OK,8.9,-49.0,11,84:0B:BB:2A:35:70
Ping_A5_U3_T1.txt,A5,U3,T1,A5_U3_T1,338.177,OK,6.09,-49.0,11,84:0B:BB:2A:35:70
Ping_A5_U3_T1.txt,A5,U3,T1,A5_U3_T1,342.324,OK,6.56,-48.0,11,84:0B:BB:2A:35:70
Ping_A5_U3_T1.txt,A5,U3,T1,A5_U3_T1,346.472,OK,5.82,-48.0,11,84:0B:BB:2A:35:70
Ping_A5_U3_T1.txt,A5,U3,T1,A5_U3_T1,350.639,OK,9.66,-49.0,11,84:0B:BB:2A:35:70
Ping_A5_U3_T1.txt,A5,U3,T1,A5_U3_T1,355.769,OK,6.27,-49.0,11,84:0B:BB:2A:35:70
Ping_A5_U3_T1.txt,A5,U3,T1,A5_U3_T1,359.916,OK,5.54,-50.0,11,84:0B:BB:2A:35:70
Ping_A5_U3_T1.txt,A5,U3,T1,A5_U3_T1,364.058,OK,5.43,-50.0,11,84:0B:BB:2A:35:70
Ping_A5_U3_T1.txt,A5,U3,T1,A5_U3_T1,368.315,OK,5.12,-50.0,11,84:0B:BB:2A:35:70
Ping_A5_U3_T1.txt,A5,U3,T1,A5_U3_T1,372.453,OK,3.93,-49.0,11,84:0B:BB:2A:35:70
Ping_A5_U3_T1.txt,A5,U3,T1,A5_U3_T1,376.608,OK,7.7,-50.0,11,84:0B:BB:2A:35:70
Ping_A5_U3_T1.txt,A5,U3,T1,A5_U3_T1,380.743,OK,5.79,-50.0,11,84:0B:BB:2A:35:70
Ping_A5_U3_T1.txt,A5,U3,T1,A5_U3_T1,384.897,OK,9.36,-49.0,11,84:0B:BB:2A:35:70
Ping_A5_U3_T1.txt,A5,U3,T1,A5_U3_T1,389.036,OK,5.36,-56.0,11,84:0B:BB:2A:35:70
Ping_A5_U3_T1.txt,A5,U3,T1,A5_U3_T1,393.18,OK,3.7,-49.0,11,84:0B:BB:2A:35:70
Ping_A5_U3_T1.txt,A5,U3,T1,A5_U3_T1,397.332,OK,8.34,-49.0,11,84:0B:BB:2A:35:70
Ping_A5_U3_T1.txt,A5,U3,T1,A5_U3_T1,401.486,OK,6.24,-49.0,11,84:0B:BB:2A:35:70
Ping_A5_U3_T1.txt,A5,U3,T1,A5_U3_T1,405.656,OK,10.24,-50.0,11,84:0B:BB:2A:35:70
Ping_A5_U3_T1.txt,A5,U3,T1,A5_U3_T1,409.807,OK,6.74,-49.0,11,84:0B:BB:2A:35:70
Ping_A5_U3_T1.txt,A5,U3,T1,A5_U3_T1,413.969,OK,6.74,-50.0,11,84:0B:BB:2A:35:70
Ping_A5_U3_T1.txt,A5,U3,T1,A5_U3_T1,418.12,OK,6.7,-48.0,11,84:0B:BB:2A:35:70
Ping_A5_U3_T1.txt,A5,U3,T1,A5_U3_T1,422.278,OK,5.45,-49.0,11,84:0B:BB:2A:35:70
Ping_A5_U3_T1.txt,A5,U3,T1,A5_U3_T1,426.435,OK,6.01,-50.0,11,84:0B:BB:2A:35:70
Ping_A5_U3_T1.txt,A5,U3,T1,A5_U3_T1,430.579,OK,4.17,-49.0,11,84:0B:BB:2A:35:70
Ping_A5_U3_T1.txt,A5,U3,T1,A5_U3_T1,434.853,OK,3.45,-49.0,11,84:0B:BB:2A:35:70
Ping_A5_U3_T1.txt,A5,U3,T1,A5_U3_T1,439.027,OK,9.08,-51.0,11,84:0B:BB:2A:35:70
Ping_A5_U3_T1.txt,A5,U3,T1,A5_U3_T1,443.157,OK,4.1,-50.0,11,84:0B:BB:2A:35:70
Ping_A5_U3_T1.txt,A5,U3,T1,A5_U3_T1,447.313,OK,9.08,-48.0,11,84:0B:BB:2A:35:70
Ping_A5_U3_T1.txt,A5,U3,T1,A5_U3_T1,451.461,OK,4.96,-48.0,11,84:0B:BB:2A:35:70
Ping_A5_U3_T1.txt,A5,U3,T1,A5_U3_T1,455.624,OK,6.12,-49.0,11,84:0B:BB:2A:35:70
Ping_A5_U3_T1.txt,A5,U3,T1,A5_U3_T1,459.761,OK,3.7,-57.0,11,84:0B:BB:2A:35:70
Ping_A5_U3_T1.txt,A5,U3,T1,A5_U3_T1,463.917,OK,4.86,-50.0,11,84:0B:BB:2A:35:70
Ping_A5_U3_T1.txt,A5,U3,T1,A5_U3_T1,468.072,OK,5.61,-46.0,11,84:0B:BB:2A:35:70
Ping_A5_U3_T1.txt,A5,U3,T1,A5_U3_T1,472.217,OK,4.57,-49.0,11,84:0B:BB:2A:35:70
Ping_A5_U3_T1.txt,A5,U3,T1,A5_U3_T1,476.367,OK,3.31,-46.0,11,84:0B:BB:2A:35:70
Ping_A5_U3_T2.txt,A5,U3,T2,A5_U3_T2,0.0,OK,13.06,-45.0,11,84:0B:BB:2A:35:70
Ping_A5_U3_T2.txt,A5,U3,T2,A5_U3_T2,4.177,OK,7.24,-44.0,11,84:0B:BB:2A:35:70
Ping_A5_U3_T2.txt,A5,U3,T2,A5_U3_T2,8.272,OK,6.94,-44.0,11,84:0B:BB:2A:35:70
Ping_A5_U3_T2.txt,A5,U3,T2,A5_U3_T2,12.479,OK,19.61,-43.0,11,84:0B:BB:2A:35:70
Ping_A5_U3_T2.txt,A5,U3,T2,A5_U3_T2,16.622,OK,6.85,-41.0,11,84:0B:BB:2A:35:70
Ping_A5_U3_T2.txt,A5,U3,T2,A5_U3_T2,20.783,OK,10.56,-41.0,11,84:0B:BB:2A:35:70
Ping_A5_U3_T2.txt,A5,U3,T2,A5_U3_T2,24.929,OK,5.02,-40.0,11,84:0B:BB:2A:35:70
Ping_A5_U3_T2.txt,A5,U3,T2,A5_U3_T2,29.077,OK,7.19,-40.0,11,84:0B:BB:2A:35:70
Ping_A5_U3_T2.txt,A5,U3,T2,A5_U3_T2,33.202,OK,2.89,-41.0,11,84:0B:BB:2A:35:70
Ping_A5_U3_T2.txt,A5,U3,T2,A5_U3_T2,37.394,OK,13.19,-40.0,11,84:0B:BB:2A:35:70
Ping_A5_U3_T2.txt,A5,U3,T2,A5_U3_T2,41.534,OK,5.13,-40.0,11,84:0B:BB:2A:35:70
Ping_A5_U3_T2.txt,A5,U3,T2,A5_U3_T2,45.813,OK,5.01,-41.0,11,84:0B:BB:2A:35:70
Ping_A5_U3_T2.txt,A5,U3,T2,A5_U3_T2,49.952,OK,6.91,-40.0,11,84:0B:BB:2A:35:70
Ping_A5_U3_T2.txt,A5,U3,T2,A5_U3_T2,54.09,OK,3.84,-39.0,11,84:0B:BB:2A:35:70
Ping_A5_U3_T2.txt,A5,U3,T2,A5_U3_T2,58.203,OK,3.28,-41.0,11,84:0B:BB:2A:35:70
Ping_A5_U3_T2.txt,A5,U3,T2,A5_U3_T2,63.337,OK,3.99,-41.0,11,84:0B:BB:2A:35:70
Ping_A5_U3_T2.txt,A5,U3,T2,A5_U3_T2,67.478,OK,3.55,-43.0,11,84:0B:BB:2A:35:70
Ping_A5_U3_T2.txt,A5,U3,T2,A5_U3_T2,71.611,OK,4.8,-40.0,11,84:0B:BB:2A:35:70
Ping_A5_U3_T2.txt,A5,U3,T2,A5_U3_T2,75.783,OK,12.22,-40.0,11,84:0B:BB:2A:35:70
Ping_A5_U3_T2.txt,A5,U3,T2,A5_U3_T2,79.928,OK,5.79,-41.0,11,84:0B:BB:2A:35:70
Ping_A5_U3_T2.txt,A5,U3,T2,A5_U3_T2,84.072,OK,6.18,-39.0,11,84:0B:BB:2A:35:70
Ping_A5_U3_T2.txt,A5,U3,T2,A5_U3_T2,88.232,OK,6.16,-39.0,11,84:0B:BB:2A:35:70
Ping_A5_U3_T2.txt,A5,U3,T2,A5_U3_T2,92.389,OK,8.08,-40.0,11,84:0B:BB:2A:35:70
Ping_A5_U3_T2.txt,A5,U3,T2,A5_U3_T2,96.522,OK,2.88,-40.0,11,84:0B:BB:2A:35:70
Ping_A5_U3_T2.txt,A5,U3,T2,A5_U3_T2,100.683,OK,6.59,-40.0,11,84:0B:BB:2A:35:70
Ping_A5_U3_T2.txt,A5,U3,T2,A5_U3_T2,104.832,OK,5.08,-40.0,11,84:0B:BB:2A:35:70
Ping_A5_U3_T2.txt,A5,U3,T2,A5_U3_T2,109.012,OK,10.75,-40.0,11,84:0B:BB:2A:35:70
Ping_A5_U3_T2.txt,A5,U3,T2,A5_U3_T2,113.297,OK,3.35,-40.0,11,84:0B:BB:2A:35:70
Ping_A5_U3_T2.txt,A5,U3,T2,A5_U3_T2,117.548,OK,26.46,-39.0,11,84:0B:BB:2A:35:70
Ping_A5_U3_T2.txt,A5,U3,T2,A5_U3_T2,121.692,OK,7.78,-45.0,11,84:0B:BB:2A:35:70
Ping_A5_U3_T2.txt,A5,U3,T2,A5_U3_T2,125.846,OK,4.65,-42.0,11,84:0B:BB:2A:35:70
Ping_A5_U3_T2.txt,A5,U3,T2,A5_U3_T2,130.006,OK,5.58,-42.0,11,84:0B:BB:2A:35:70
Ping_A5_U3_T2.txt,A5,U3,T2,A5_U3_T2,134.148,OK,5.06,-42.0,11,84:0B:BB:2A:35:70
Ping_A5_U3_T2.txt,A5,U3,T2,A5_U3_T2,138.291,OK,4.69,-43.0,11,84:0B:BB:2A:35:70
Ping_A5_U3_T2.txt,A5,U3,T2,A5_U3_T2,142.458,OK,8.58,-42.0,11,84:0B:BB:2A:35:70
Ping_A5_U3_T2.txt,A5,U3,T2,A5_U3_T2,146.611,OK,7.3,-43.0,11,84:0B:BB:2A:35:70
Ping_A5_U3_T2.txt,A5,U3,T2,A5_U3_T2,150.778,OK,4.02,-43.0,11,84:0B:BB:2A:35:70
Ping_A5_U3_T2.txt,A5,U3,T2,A5_U3_T2,154.954,OK,6.37,-47.0,11,84:0B:BB:2A:35:70
Ping_A5_U3_T2.txt,A5,U3,T2,A5_U3_T2,159.186,OK,4.63,-44.0,11,84:0B:BB:2A:35:70
Ping_A5_U3_T2.txt,A5,U3,T2,A5_U3_T2,163.329,OK,4.6,-46.0,11,84:0B:BB:2A:35:70
Ping_A5_U3_T2.txt,A5,U3,T2,A5_U3_T2,167.448,OK,3.11,-46.0,11,84:0B:BB:2A:35:70
Ping_A5_U3_T2.txt,A5,U3,T2,A5_U3_T2,171.602,OK,5.98,-48.0,11,84:0B:BB:2A:35:70
Ping_A5_U3_T2.txt,A5,U3,T2,A5_U3_T2,175.765,OK,10.83,-45.0,11,84:0B:BB:2A:35:70
Ping_A5_U3_T2.txt,A5,U3,T2,A5_U3_T2,180.016,OK,3.72,-46.0,11,84:0B:BB:2A:35:70
Ping_A5_U3_T2.txt,A5,U3,T2,A5_U3_T2,184.224,OK,16.47,-47.0,11,84:0B:BB:2A:35:70
Ping_A5_U3_T2.txt,A5,U3,T2,A5_U3_T2,188.372,OK,5.0,-45.0,11,84:0B:BB:2A:35:70
Ping_A5_U3_T2.txt,A5,U3,T2,A5_U3_T2,192.526,OK,5.44,-48.0,11,84:0B:BB:2A:35:70
Ping_A5_U3_T2.txt,A5,U3,T2,A5_U3_T2,196.673,OK,3.55,-47.0,11,84:0B:BB:2A:35:70
Ping_A5_U3_T2.txt,A5,U3,T2,A5_U3_T2,200.829,OK,5.57,-48.0,11,84:0B:BB:2A:35:70
Ping_A5_U3_T2.txt,A5,U3,T2,A5_U3_T2,204.982,OK,5.12,-46.0,11,84:0B:BB:2A:35:70
Ping_A5_U3_T2.txt,A5,U3,T2,A5_U3_T2,209.14,OK,5.49,-48.0,11,84:0B:BB:2A:35:70
Ping_A5_U3_T2.txt,A5,U3,T2,A5_U3_T2,213.316,OK,8.37,-45.0,11,84:0B:BB:2A:35:70
Ping_A5_U3_T2.txt,A5,U3,T2,A5_U3_T2,217.555,OK,21.37,-46.0,11,84:0B:BB:2A:35:70
Ping_A5_U3_T2.txt,A5,U3,T2,A5_U3_T2,221.715,OK,4.99,-47.0,11,84:0B:BB:2A:35:70
Ping_A5_U3_T2.txt,A5,U3,T2,A5_U3_T2,225.856,OK,5.79,-48.0,11,84:0B:BB:2A:35:70
Ping_A5_U3_T2.txt,A5,U3,T2,A5_U3_T2,230.01,OK,8.22,-46.0,11,84:0B:BB:2A:35:70
Ping_A5_U3_T2.txt,A5,U3,T2,A5_U3_T2,234.184,OK,9.0,-45.0,11,84:0B:BB:2A:35:70
Ping_A5_U3_T2.txt,A5,U3,T2,A5_U3_T2,238.327,OK,5.29,-45.0,11,84:0B:BB:2A:35:70
Ping_A5_U3_T2.txt,A5,U3,T2,A5_U3_T2,242.464,OK,2.97,-47.0,11,84:0B:BB:2A:35:70
Ping_A5_U3_T2.txt,A5,U3,T2,A5_U3_T2,246.762,OK,4.84,-46.0,11,84:0B:BB:2A:35:70
Ping_A5_U3_T2.txt,A5,U3,T2,A5_U3_T2,250.913,OK,4.56,-43.0,11,84:0B:BB:2A:35:70
Ping_A5_U3_T2.txt,A5,U3,T2,A5_U3_T2,255.317,OK,53.71,-46.0,11,84:0B:BB:2A:35:70
