arquivo,basename,antena,unidade,teste,ensaio,tempo_abs_ms,tempo_rel_s,status,latencia_ms,ip,channel,bssid,rssi_link_dbm,reason
Ping_A4_U1_T1.txt,Ping_A4_U1_T1,A4,U1,T1,A4_U1_T1,17216,0.0,OK,19.45,192.168.15.1,11,84:0B:BB:2A:35:70,-59.0,
Ping_A4_U1_T1.txt,Ping_A4_U1_T1,A4,U1,T1,A4_U1_T1,21313,4.097,OK,6.9,192.168.15.1,11,84:0B:BB:2A:35:70,-44.0,
Ping_A4_U1_T1.txt,Ping_A4_U1_T1,A4,U1,T1,A4_U1_T1,25449,8.233,OK,14.51,192.168.15.1,11,84:0B:BB:2A:35:70,-45.0,
Ping_A4_U1_T1.txt,Ping_A4_U1_T1,A4,U1,T1,A4_U1_T1,29710,12.494,OK,28.11,192.168.15.1,11,84:0B:BB:2A:35:70,-47.0,
Ping_A4_U1_T1.txt,Ping_A4_U1_T1,A4,U1,T1,A4_U1_T1,34114,16.898,OK,57.4,192.168.15.1,11,84:0B:BB:2A:35:70,-46.0,
Ping_A4_U1_T1.txt,Ping_A4_U1_T1,A4,U1,T1,A4_U1_T1,38295,21.079,OK,14.34,192.168.15.1,11,84:0B:BB:2A:35:70,-46.0,
Ping_A4_U1_T1.txt,Ping_A4_U1_T1,A4,U1,T1,A4_U1_T1,42489,25.273,OK,15.51,192.168.15.1,11,84:0B:BB:2A:35:70,-43.0,
Ping_A4_U1_T1.txt,Ping_A4_U1_T1,A4,U1,T1,A4_U1_T1,46752,29.536,OK,3.59,192.168.15.1,11,84:0B:BB:2A:35:70,-43.0,
Ping_A4_U1_T1.txt,Ping_A4_U1_T1,A4,U1,T1,A4_U1_T1,50869,33.653,OK,3.11,192.168.15.1,11,84:0B:BB:2A:35:70,-43.0,
Ping_A4_U1_T1.txt,Ping_A4_U1_T1,A4,U1,T1,A4_U1_T1,55032,37.816,OK,9.32,192.168.15.1,11,84:0B:BB:2A:35:70,-44.0,
Ping_A4_U1_T1.txt,Ping_A4_U1_T1,A4,U1,T1,A4_U1_T1,59181,41.965,OK,7.99,192.168.15.1,11,84:0B:BB:2A:35:70,-44.0,
Ping_A4_U1_T1.txt,Ping_A4_U1_T1,A4,U1,T1,A4_U1_T1,63353,46.137,OK,12.43,192.168.15.1,11,84:0B:BB:2A:35:70,-44.0,
Ping_A4_U1_T1.txt,Ping_A4_U1_T1,A4,U1,T1,A4_U1_T1,67614,50.398,OK,28.66,192.168.15.1,11,84:0B:BB:2A:35:70,-43.0,
Ping_A4_U1_T1.txt,Ping_A4_U1_T1,A4,U1,T1,A4_U1_T1,71756,54.54,OK,9.02,192.168.15.1,11,84:0B:BB:2A:35:70,-45.0,
Ping_A4_U1_T1.txt,Ping_A4_U1_T1,A4,U1,T1,A4_U1_T1,75910,58.694,OK,5.9,192.168.15.1,11,84:0B:BB:2A:35:70,-43.0,
Ping_A4_U1_T1.txt,Ping_A4_U1_T1,A4,U1,T1,A4_U1_T1,80054,62.838,OK,4.87,192.168.15.1,11,84:0B:BB:2A:35:70,-44.0,
Ping_A4_U1_T1.txt,Ping_A4_U1_T1,A4,U1,T1,A4_U1_T1,84202,66.986,OK,7.56,192.168.15.1,11,84:0B:BB:2A:35:70,-44.0,
Ping_A4_U1_T1.txt,Ping_A4_U1_T1,A4,U1,T1,A4_U1_T1,88352,71.136,OK,7.82,192.168.15.1,11,84:0B:BB:2A:35:70,-44.0,
Ping_A4_U1_T1.txt,Ping_A4_U1_T1,A4,U1,T1,A4_U1_T1,92506,75.29,OK,6.57,192.168.15.1,11,84:0B:BB:2A:35:70,-44.0,
Ping_A4_U1_T1.txt,Ping_A4_U1_T1,A4,U1,T1,A4_U1_T1,96665,79.449,OK,8.87,192.168.15.1,11,84:0B:BB:2A:35:70,-48.0,
Ping_A4_U1_T1.txt,Ping_A4_U1_T1,A4,U1,T1,A4_U1_T1,100846,83.63,OK,13.11,192.168.15.1,11,84:0B:BB:2A:35:70,-43.0,
Ping_A4_U1_T1.txt,Ping_A4_U1_T1,A4,U1,T1,A4_U1_T1,105017,87.801,OK,9.24,192.168.15.1,11,84:0B:BB:2A:35:70,-44.0,
Ping_A4_U1_T1.txt,Ping_A4_U1_T1,A4,U1,T1,A4_U1_T1,109157,91.941,OK,3.3,192.168.15.1,11,84:0B:BB:2A:35:70,-44.0,
Ping_A4_U1_T1.txt,Ping_A4_U1_T1,A4,U1,T1,A4_U1_T1,113454,96.238,OK,6.44,192.168.15.1,11,84:0B:BB:2A:35:70,-44.0,
Ping_A4_U1_T1.txt,Ping_A4_U1_T1,A4,U1,T1,A4_U1_T1,117651,100.435,OK,14.81,192.168.15.1,11,84:0B:BB:2A:35:70,-45.0,
Ping_A4_U1_T1.txt,Ping_A4_U1_T1,A4,U1,T1,A4_U1_T1,121792,104.576,OK,4.84,192.168.15.1,11,84:0B:BB:2A:35:70,-44.0,
Ping_A4_U1_T1.txt,Ping_A4_U1_T1,A4,U1,T1,A4_U1_T1,125946,108.73,OK,7.43,192.168.15.1,11,84:0B:BB:2A:35:70,-45.0,
Ping_A4_U1_T1.txt,Ping_A4_U1_T1,A4,U1,T1,A4_U1_T1,130105,112.889,OK,6.08,192.168.15.1,11,84:0B:BB:2A:35:70,-44.0,
Ping_A4_U1_T1.txt,Ping_A4_U1_T1,A4,U1,T1,A4_U1_T1,134290,117.074,OK,16.96,192.168.15.1,11,84:0B:BB:2A:35:70,-43.0,
Ping_A4_U1_T1.txt,Ping_A4_U1_T1,A4,U1,T1,A4_U1_T1,138765,121.549,OK,69.16,192.168.15.1,11,84:0B:BB:2A:35:70,-45.0,
Ping_A4_U1_T1.txt,Ping_A4_U1_T1,A4,U1,T1,A4_U1_T1,142945,125.729,OK,9.53,192.168.15.1,11,84:0B:BB:2A:35:70,-45.0,
Ping_A4_U1_T1.txt,Ping_A4_U1_T1,A4,U1,T1,A4_U1_T1,147086,129.87,OK,5.31,192.168.15.1,11,84:0B:BB:2A:35:70,-45.0,
Ping_A4_U1_T1.txt,Ping_A4_U1_T1,A4,U1,T1,A4_U1_T1,151224,134.008,OK,4.27,192.168.15.1,11,84:0B:BB:2A:35:70,-46.0,
Ping_A4_U1_T1.txt,Ping_A4_U1_T1,A4,U1,T1,A4_U1_T1,155380,138.164,OK,5.6,192.168.15.1,11,84:0B:BB:2A:35:70,-52.0,
Ping_A4_U1_T1.txt,Ping_A4_U1_T1,A4,U1,T1,A4_U1_T1,159536,142.32,OK,6.64,192.168.15.1,11,84:0B:BB:2A:35:70,-43.0,
Ping_A4_U1_T1.txt,Ping_A4_U1_T1,A4,U1,T1,A4_U1_T1,163710,146.494,OK,7.23,192.168.15.1,11,84:0B:BB:2A:35:70,-46.0,
Ping_A4_U1_T1.txt,Ping_A4_U1_T1,A4,U1,T1,A4_U1_T1,167869,150.653,OK,4.92,192.168.15.1,11,84:0B:BB:2A:35:70,-45.0,
Ping_A4_U1_T1.txt,Ping_A4_U1_T1,A4,U1,T1,A4_U1_T1,172023,154.807,OK,4.72,192.168.15.1,11,84:0B:BB:2A:35:70,-46.0,
Ping_A4_U1_T1.txt,Ping_A4_U1_T1,A4,U1,T1,A4_U1_T1,176229,159.013,OK,4.16,192.168.15.1,11,84:0B:BB:2A:35:70,-44.0,
Ping_A4_U1_T1.txt,Ping_A4_U1_T1,A4,U1,T1,A4_U1_T1,180530,163.314,OK,10.89,192.168.15.1,11,84:0B:BB:2A:35:70,-44.0,
Ping_A4_U1_T1.txt,Ping_A4_U1_T1,A4,U1,T1,A4_U1_T1,184744,167.528,OK,22.13,192.168.15.1,11,84:0B:BB:2A:35:70,-45.0,
Ping_A4_U1_T1.txt,Ping_A4_U1_T1,A4,U1,T1,A4_U1_T1,188880,171.664,OK,5.35,192.168.15.1,11,84:0B:BB:2A:35:70,-47.0,
Ping_A4_U1_T1.txt,Ping_A4_U1_T1,A4,U1,T1,A4_U1_T1,192999,175.783,OK,5.16,192.168.15.1,11,84:0B:BB:2A:35:70,-45.0,
Ping_A4_U1_T1.txt,Ping_A4_U1_T1,A4,U1,T1,A4_U1_T1,197140,179.924,OK,4.61,192.168.15.1,11,84:0B:BB:2A:35:70,-46.0,
Ping_A4_U1_T1.txt,Ping_A4_U1_T1,A4,U1,T1,A4_U1_T1,201315,184.099,OK,11.44,192.168.15.1,11,84:0B:BB:2A:35:70,-43.0,
Ping_A4_U1_T1.txt,Ping_A4_U1_T1,A4,U1,T1,A4_U1_T1,205471,188.255,OK,11.18,192.168.15.1,11,84:0B:BB:2A:35:70,-45.0,
Ping_A4_U1_T1.txt,Ping_A4_U1_T1,A4,U1,T1,A4_U1_T1,209591,192.375,OK,3.12,192.168.15.1,11,84:0B:BB:2A:35:70,-46.0,
Ping_A4_U1_T1.txt,Ping_A4_U1_T1,A4,U1,T1,A4_U1_T1,213749,196.533,OK,8.5,192.168.15.1,11,84:0B:BB:2A:35:70,-46.0,
Ping_A4_U1_T1.txt,Ping_A4_U1_T1,A4,U1,T1,A4_U1_T1,217891,200.675,OK,6.76,192.168.15.1,11,84:0B:BB:2A:35:70,-45.0,
Ping_A4_U1_T1.txt,Ping_A4_U1_T1,A4,U1,T1,A4_U1_T1,222038,204.822,OK,5.4,192.168.15.1,11,84:0B:BB:2A:35:70,-45.0,
Ping_A4_U1_T1.txt,Ping_A4_U1_T1,A4,U1,T1,A4_U1_T1,226198,208.982,OK,9.95,192.168.15.1,11,84:0B:BB:2A:35:70,-44.0,
Ping_A4_U1_T1.txt,Ping_A4_U1_T1,A4,U1,T1,A4_U1_T1,230335,213.119,OK,5.19,192.168.15.1,11,84:0B:BB:2A:35:70,-45.0,
Ping_A4_U1_T1.txt,Ping_A4_U1_T1,A4,U1,T1,A4_U1_T1,234513,217.297,OK,12.24,192.168.15.1,11,84:0B:BB:2A:35:70,-45.0,
Ping_A4_U1_T1.txt,Ping_A4_U1_T1,A4,U1,T1,A4_U1_T1,238687,221.471,OK,8.86,192.168.15.1,11,84:0B:BB:2A:35:70,-44.0,
Ping_A4_U1_T1.txt,Ping_A4_U1_T1,A4,U1,T1,A4_U1_T1,242828,225.612,OK,6.58,192.168.15.1,11,84:0B:BB:2A:35:70,-45.0,
Ping_A4_U1_T1.txt,Ping_A4_U1_T1,A4,U1,T1,A4_U1_T1,247106,229.89,OK,4.02,192.168.15.1,11,84:0B:BB:2A:35:70,-44.0,
Ping_A4_U1_T1.txt,Ping_A4_U1_T1,A4,U1,T1,A4_U1_T1,251290,234.074,OK,13.11,192.168.15.1,11,84:0B:BB:2A:35:70,-43.0,
Ping_A4_U1_T1.txt,Ping_A4_U1_T1,A4,U1,T1,A4_U1_T1,255445,238.229,OK,11.27,192.168.15.1,11,84:0B:BB:2A:35:70,-44.0,
Ping_A4_U1_T1.txt,Ping_A4_U1_T1,A4,U1,T1,A4_U1_T1,259603,242.387,OK,6.91,192.168.15.1,11,84:0B:BB:2A:35:70,-44.0,
Ping_A4_U1_T1.txt,Ping_A4_U1_T1,A4,U1,T1,A4_U1_T1,263758,246.542,OK,6.29,192.168.15.1,11,84:0B:BB:2A:35:70,-44.0,
Ping_A4_U1_T1.txt,Ping_A4_U1_T1,A4,U1,T1,A4_U1_T1,267892,250.676,OK,4.95,192.168.15.1,11,84:0B:BB:2A:35:70,-43.0,
Ping_A4_U1_T1.txt,Ping_A4_U1_T1,A4,U1,T1,A4_U1_T1,272033,254.817,OK,5.31,192.168.15.1,11,84:0B:BB:2A:35:70,-44.0,
Ping_A4_U1_T1.txt,Ping_A4_U1_T1,A4,U1,T1,A4_U1_T1,276172,258.956,OK,3.45,192.168.15.1,11,84:0B:BB:2A:35:70,-45.0,
Ping_A4_U1_T1.txt,Ping_A4_U1_T1,A4,U1,T1,A4_U1_T1,280308,263.092,OK,4.39,192.168.15.1,11,84:0B:BB:2A:35:70,-45.0,
Ping_A4_U1_T1.txt,Ping_A4_U1_T1,A4,U1,T1,A4_U1_T1,284498,267.282,OK,11.51,192.168.15.1,11,84:0B:BB:2A:35:70,-43.0,
Ping_A4_U1_T1.txt,Ping_A4_U1_T1,A4,U1,T1,A4_U1_T1,288643,271.427,OK,5.36,192.168.15.1,11,84:0B:BB:2A:35:70,-46.0,
Ping_A4_U1_T1.txt,Ping_A4_U1_T1,A4,U1,T1,A4_U1_T1,292787,275.571,OK,4.32,192.168.15.1,11,84:0B:BB:2A:35:70,-44.0,
Ping_A4_U1_T1.txt,Ping_A4_U1_T1,A4,U1,T1,A4_U1_T1,296958,279.742,OK,9.92,192.168.15.1,11,84:0B:BB:2A:35:70,-45.0,
Ping_A4_U1_T1.txt,Ping_A4_U1_T1,A4,U1,T1,A4_U1_T1,301135,283.919,OK,8.2,192.168.15.1,11,84:0B:BB:2A:35:70,-43.0,
Ping_A4_U1_T1.txt,Ping_A4_U1_T1,A4,U1,T1,A4_U1_T1,305270,288.054,OK,3.34,192.168.15.1,11,84:0B:BB:2A:35:70,-43.0,
Ping_A4_U1_T1.txt,Ping_A4_U1_T1,A4,U1,T1,A4_U1_T1,309425,292.209,OK,3.96,192.168.15.1,11,84:0B:BB:2A:35:70,-43.0,
Ping_A4_U1_T1.txt,Ping_A4_U1_T1,A4,U1,T1,A4_U1_T1,313711,296.495,OK,3.26,192.168.15.1,11,84:0B:BB:2A:35:70,-44.0,
Ping_A4_U1_T1.txt,Ping_A4_U1_T1,A4,U1,T1,A4_U1_T1,317849,300.633,OK,7.31,192.168.15.1,11,84:0B:BB:2A:35:70,-44.0,
Ping_A4_U1_T1.txt,Ping_A4_U1_T1,A4,U1,T1,A4_U1_T1,322250,305.034,OK,53.86,192.168.15.1,11,84:0B:BB:2A:35:70,-43.0,
Ping_A4_U1_T1.txt,Ping_A4_U1_T1,A4,U1,T1,A4_U1_T1,326449,309.233,OK,13.04,192.168.15.1,11,84:0B:BB:2A:35:70,-43.0,
Ping_A4_U1_T1.txt,Ping_A4_U1_T1,A4,U1,T1,A4_U1_T1,330625,313.409,OK,11.75,192.168.15.1,11,84:0B:BB:2A:35:70,-43.0,
Ping_A4_U1_T1.txt,Ping_A4_U1_T1,A4,U1,T1,A4_U1_T1,334784,317.568,OK,7.91,192.168.15.1,11,84:0B:BB:2A:35:70,-43.0,
Ping_A4_U1_T1.txt,Ping_A4_U1_T1,A4,U1,T1,A4_U1_T1,338989,321.773,OK,6.6,192.168.15.1,11,84:0B:BB:2A:35:70,-43.0,
Ping_A4_U1_T1.txt,Ping_A4_U1_T1,A4,U1,T1,A4_U1_T1,343136,325.92,OK,5.84,192.168.15.1,11,84:0B:BB:2A:35:70,-44.0,
Ping_A4_U1_T1.txt,Ping_A4_U1_T1,A4,U1,T1,A4_U1_T1,347297,330.081,OK,10.75,192.168.15.1,11,84:0B:BB:2A:35:70,-49.0,
Ping_A4_U1_T1.txt,Ping_A4_U1_T1,A4,U1,T1,A4_U1_T1,351431,334.215,OK,4.24,192.168.15.1,11,84:0B:BB:2A:35:70,-49.0,
Ping_A4_U1_T1.txt,Ping_A4_U1_T1,A4,U1,T1,A4_U1_T1,355587,338.371,OK,7.94,192.168.15.1,11,84:0B:BB:2A:35:70,-53.0,
Ping_A4_U1_T1.txt,Ping_A4_U1_T1,A4,U1,T1,A4_U1_T1,359724,342.508,OK,4.03,192.168.15.1,11,84:0B:BB:2A:35:70,-51.0,
Ping_A4_U1_T1.txt,Ping_A4_U1_T1,A4,U1,T1,A4_U1_T1,363849,346.633,OK,3.15,192.168.15.1,11,84:0B:BB:2A:35:70,-49.0,
Ping_A4_U1_T1.txt,Ping_A4_U1_T1,A4,U1,T1,A4_U1_T1,368024,350.808,OK,11.53,192.168.15.1,11,84:0B:BB:2A:35:70,-48.0,
Ping_A4_U1_T1.txt,Ping_A4_U1_T1,A4,U1,T1,A4_U1_T1,372160,354.944,OK,3.41,192.168.15.1,11,84:0B:BB:2A:35:70,-48.0,
Ping_A4_U1_T1.txt,Ping_A4_U1_T1,A4,U1,T1,A4_U1_T1,376313,359.097,OK,7.76,192.168.15.1,11,84:0B:BB:2A:35:70,-48.0,
Ping_A4_U1_T1.txt,Ping_A4_U1_T1,A4,U1,T1,A4_U1_T1,380578,363.362,OK,3.03,192.168.15.1,11,84:0B:BB:2A:35:70,-61.0,
Ping_A4_U1_T1.txt,Ping_A4_U1_T1,A4,U1,T1,A4_U1_T1,384715,367.499,OK,3.65,192.168.15.1,11,84:0B:BB:2A:35:70,-48.0,
Ping_A4_U1_T1.txt,Ping_A4_U1_T1,A4,U1,T1,A4_U1_T1,388851,371.635,OK,6.65,192.168.15.1,11,84:0B:BB:2A:35:70,-48.0,
Ping_A4_U1_T1.txt,Ping_A4_U1_T1,A4,U1,T1,A4_U1_T1,392991,375.775,OK,6.93,192.168.15.1,11,84:0B:BB:2A:35:70,-49.0,
Ping_A4_U1_T1.txt,Ping_A4_U1_T1,A4,U1,T1,A4_U1_T1,397127,379.911,OK,4.29,192.168.15.1,11,84:0B:BB:2A:35:70,-49.0,
Ping_A4_U1_T1.txt,Ping_A4_U1_T1,A4,U1,T1,A4_U1_T1,401504,384.288,OK,54.41,192.168.15.1,11,84:0B:BB:2A:35:70,-52.0,
Ping_A4_U1_T1.txt,Ping_A4_U1_T1,A4,U1,T1,A4_U1_T1,405701,388.485,OK,15.5,192.168.15.1,11,84:0B:BB:2A:35:70,-51.0,
Ping_A4_U1_T1.txt,Ping_A4_U1_T1,A4,U1,T1,A4_U1_T1,409844,392.628,OK,5.82,192.168.15.1,11,84:0B:BB:2A:35:70,-53.0,
Ping_A4_U1_T1.txt,Ping_A4_U1_T1,A4,U1,T1,A4_U1_T1,414021,396.805,OK,12.12,192.168.15.1,11,84:0B:BB:2A:35:70,-56.0,
Ping_A4_U1_T1.txt,Ping_A4_U1_T1,A4,U1,T1,A4_U1_T1,418173,400.957,OK,4.78,192.168.15.1,11,84:0B:BB:2A:35:70,-47.0,
Ping_A4_U1_T1.txt,Ping_A4_U1_T1,A4,U1,T1,A4_U1_T1,422313,405.097,OK,5.45,192.168.15.1,11,84:0B:BB:2A:35:70,-50.0,
Ping_A4_U1_T1.txt,Ping_A4_U1_T1,A4,U1,T1,A4_U1_T1,426467,409.251,OK,8.09,192.168.15.1,11,84:0B:BB:2A:35:70,-41.0,
Ping_A4_U1_T1.txt,Ping_A4_U1_T1,A4,U1,T1,A4_U1_T1,430630,413.414,OK,7.16,192.168.15.1,11,84:0B:BB:2A:35:70,-46.0,
Ping_A4_U1_T1.txt,Ping_A4_U1_T1,A4,U1,T1,A4_U1_T1,434768,417.552,OK,3.37,192.168.15.1,11,84:0B:BB:2A:35:70,-45.0,
Ping_A4_U1_T1.txt,Ping_A4_U1_T1,A4,U1,T1,A4_U1_T1,438905,421.689,OK,3.61,192.168.15.1,11,84:0B:BB:2A:35:70,-47.0,
Ping_A4_U1_T1.txt,Ping_A4_U1_T1,A4,U1,T1,A4_U1_T1,443061,425.845,OK,5.02,192.168.15.1,11,84:0B:BB:2A:35:70,-47.0,
Ping_A4_U1_T1.txt,Ping_A4_U1_T1,A4,U1,T1,A4_U1_T1,447338,430.122,OK,3.12,192.168.15.1,11,84:0B:BB:2A:35:70,-45.0,
Ping_A4_U1_T1.txt,Ping_A4_U1_T1,A4,U1,T1,A4_U1_T1,451462,434.246,OK,2.95,192.168.15.1,11,84:0B:BB:2A:35:70,-45.0,
Ping_A4_U1_T1.txt,Ping_A4_U1_T1,A4,U1,T1,A4_U1_T1,455599,438.383,OK,4.47,192.168.15.1,11,84:0B:BB:2A:35:70,-42.0,
Ping_A4_U1_T1.txt,Ping_A4_U1_T1,A4,U1,T1,A4_U1_T1,459749,442.533,OK,5.46,192.168.15.1,11,84:0B:BB:2A:35:70,-44.0,
Ping_A4_U1_T1.txt,Ping_A4_U1_T1,A4,U1,T1,A4_U1_T1,463892,446.676,OK,5.25,192.168.15.1,11,84:0B:BB:2A:35:70,-48.0,
Ping_A4_U1_T1.txt,Ping_A4_U1_T1,A4,U1,T1,A4_U1_T1,468050,450.834,OK,5.1,192.168.15.1,11,84:0B:BB:2A:35:70,-45.0,
Ping_A4_U1_T1.txt,Ping_A4_U1_T1,A4,U1,T1,A4_U1_T1,472189,454.973,OK,3.42,192.168.15.1,11,84:0B:BB:2A:35:70,-46.0,
Ping_A4_U1_T1.txt,Ping_A4_U1_T1,A4,U1,T1,A4_U1_T1,476338,459.122,OK,5.42,192.168.15.1,11,84:0B:BB:2A:35:70,-47.0,
Ping_A4_U1_T1.txt,Ping_A4_U1_T1,A4,U1,T1,A4_U1_T1,480498,463.282,OK,4.67,192.168.15.1,11,84:0B:BB:2A:35:70,-55.0,
Ping_A4_U1_T2.txt,Ping_A4_U1_T2,A4,U1,T2,A4_U1_T2,17058,0.0,OK,8.72,192.168.15.1,11,84:0B:BB:2A:35:70,-47.0,
Ping_A4_U1_T2.txt,Ping_A4_U1_T2,A4,U1,T2,A4_U1_T2,21141,4.083,OK,4.32,192.168.15.1,11,84:0B:BB:2A:35:70,-49.0,
Ping_A4_U1_T2.txt,Ping_A4_U1_T2,A4,U1,T2,A4_U1_T2,25266,8.208,OK,12.68,192.168.15.1,11,84:0B:BB:2A:35:70,-50.0,
Ping_A4_U1_T2.txt,Ping_A4_U1_T2,A4,U1,T2,A4_U1_T2,29408,12.35,OK,5.45,192.168.15.1,11,84:0B:BB:2A:35:70,-44.0,
Ping_A4_U1_T2.txt,Ping_A4_U1_T2,A4,U1,T2,A4_U1_T2,33555,16.497,OK,8.26,192.168.15.1,11,84:0B:BB:2A:35:70,-46.0,
Ping_A4_U1_T2.txt,Ping_A4_U1_T2,A4,U1,T2,A4_U1_T2,37688,20.63,OK,3.38,192.168.15.1,11,84:0B:BB:2A:35:70,-45.0,
Ping_A4_U1_T2.txt,Ping_A4_U1_T2,A4,U1,T2,A4_U1_T2,41825,24.767,OK,5.4,192.168.15.1,11,84:0B:BB:2A:35:70,-42.0,
Ping_A4_U1_T2.txt,Ping_A4_U1_T2,A4,U1,T2,A4_U1_T2,46016,28.958,OK,13.24,192.168.15.1,11,84:0B:BB:2A:35:70,-43.0,
Ping_A4_U1_T2.txt,Ping_A4_U1_T2,A4,U1,T2,A4_U1_T2,50293,33.235,OK,8.16,192.168.15.1,11,84:0B:BB:2A:35:70,-44.0,
Ping_A4_U1_T2.txt,Ping_A4_U1_T2,A4,U1,T2,A4_U1_T2,54452,37.394,OK,11.43,192.168.15.1,11,84:0B:BB:2A:35:70,-44.0,
Ping_A4_U1_T2.txt,Ping_A4_U1_T2,A4,U1,T2,A4_U1_T2,58593,41.535,OK,4.49,192.168.15.1,11,84:0B:BB:2A:35:70,-45.0,
Ping_A4_U1_T2.txt,Ping_A4_U1_T2,A4,U1,T2,A4_U1_T2,62752,45.694,OK,7.87,192.168.15.1,11,84:0B:BB:2A:35:70,-42.0,
Ping_A4_U1_T2.txt,Ping_A4_U1_T2,A4,U1,T2,A4_U1_T2,66886,49.828,OK,4.74,192.168.15.1,11,84:0B:BB:2A:35:70,-46.0,
Ping_A4_U1_T2.txt,Ping_A4_U1_T2,A4,U1,T2,A4_U1_T2,71063,54.005,OK,12.97,192.168.15.1,11,84:0B:BB:2A:35:70,-49.0,
Ping_A4_U1_T2.txt,Ping_A4_U1_T2,A4,U1,T2,A4_U1_T2,75208,58.15,OK,4.82,192.168.15.1,11,84:0B:BB:2A:35:70,-47.0,
Ping_A4_U1_T2.txt,Ping_A4_U1_T2,A4,U1,T2,A4_U1_T2,79346,62.288,OK,7.93,192.168.15.1,11,84:0B:BB:2A:35:70,-55.0,
Ping_A4_U1_T2.txt,Ping_A4_U1_T2,A4,U1,T2,A4_U1_T2,83492,66.434,OK,4.0,192.168.15.1,11,84:0B:BB:2A:35:70,-50.0,
Ping_A4_U1_T2.txt,Ping_A4_U1_T2,A4,U1,T2,A4_U1_T2,87656,70.598,OK,8.26,192.168.15.1,11,84:0B:BB:2A:35:70,-41.0,
Ping_A4_U1_T2.txt,Ping_A4_U1_T2,A4,U1,T2,A4_U1_T2,91793,74.735,OK,5.04,192.168.15.1,11,84:0B:BB:2A:35:70,-47.0,
Ping_A4_U1_T2.txt,Ping_A4_U1_T2,A4,U1,T2,A4_U1_T2,95928,78.87,OK,4.72,192.168.15.1,11,84:0B:BB:2A:35:70,-47.0,
Ping_A4_U1_T2.txt,Ping_A4_U1_T2,A4,U1,T2,A4_U1_T2,100113,83.055,OK,13.13,192.168.15.1,11,84:0B:BB:2A:35:70,-47.0,
Ping_A4_U1_T2.txt,Ping_A4_U1_T2,A4,U1,T2,A4_U1_T2,104290,87.232,OK,12.98,192.168.15.1,11,84:0B:BB:2A:35:70,-39.0,
Ping_A4_U1_T2.txt,Ping_A4_U1_T2,A4,U1,T2,A4_U1_T2,108449,91.391,OK,4.83,192.168.15.1,11,84:0B:BB:2A:35:70,-37.0,
Ping_A4_U1_T2.txt,Ping_A4_U1_T2,A4,U1,T2,A4_U1_T2,112603,95.545,OK,7.16,192.168.15.1,11,84:0B:BB:2A:35:70,-37.0,
Ping_A4_U1_T2.txt,Ping_A4_U1_T2,A4,U1,T2,A4_U1_T2,116874,99.816,OK,4.01,192.168.15.1,11,84:0B:BB:2A:35:70,-36.0,
Ping_A4_U1_T2.txt,Ping_A4_U1_T2,A4,U1,T2,A4_U1_T2,121041,103.983,OK,8.5,192.168.15.1,11,84:0B:BB:2A:35:70,-35.0,
Ping_A4_U1_T2.txt,Ping_A4_U1_T2,A4,U1,T2,A4_U1_T2,125195,108.137,OK,5.21,192.168.15.1,11,84:0B:BB:2A:35:70,-38.0,
Ping_A4_U1_T2.txt,Ping_A4_U1_T2,A4,U1,T2,A4_U1_T2,129343,112.285,OK,4.92,192.168.15.1,11,84:0B:BB:2A:35:70,-37.0,
Ping_A4_U1_T2.txt,Ping_A4_U1_T2,A4,U1,T2,A4_U1_T2,133497,116.439,OK,6.63,192.168.15.1,11,84:0B:BB:2A:35:70,-38.0,
Ping_A4_U1_T2.txt,Ping_A4_U1_T2,A4,U1,T2,A4_U1_T2,137648,120.59,OK,4.56,192.168.15.1,11,84:0B:BB:2A:35:70,-37.0,
Ping_A4_U1_T2.txt,Ping_A4_U1_T2,A4,U1,T2,A4_U1_T2,141774,124.716,OK,4.36,192.168.15.1,11,84:0B:BB:2A:35:70,-36.0,
Ping_A4_U1_T2.txt,Ping_A4_U1_T2,A4,U1,T2,A4_U1_T2,145932,128.874,OK,5.34,192.168.15.1,11,84:0B:BB:2A:35:70,-38.0,
Ping_A4_U1_T2.txt,Ping_A4_U1_T2,A4,U1,T2,A4_U1_T2,150135,133.077,OK,13.6,192.168.15.1,11,84:0B:BB:2A:35:70,-38.0,
Ping_A4_U1_T2.txt,Ping_A4_U1_T2,A4,U1,T2,A4_U1_T2,154286,137.228,OK,6.08,192.168.15.1,11,84:0B:BB:2A:35:70,-38.0,
Ping_A4_U1_T2.txt,Ping_A4_U1_T2,A4,U1,T2,A4_U1_T2,158439,141.381,OK,5.89,192.168.15.1,11,84:0B:BB:2A:35:70,-38.0,
Ping_A4_U1_T2.txt,Ping_A4_U1_T2,A4,U1,T2,A4_U1_T2,162592,145.534,OK,4.66,192.168.15.1,11,84:0B:BB:2A:35:70,-37.0,
Ping_A4_U1_T2.txt,Ping_A4_U1_T2,A4,U1,T2,A4_U1_T2,166741,149.683,OK,5.36,192.168.15.1,11,84:0B:BB:2A:35:70,-37.0,
Ping_A4_U1_T2.txt,Ping_A4_U1_T2,A4,U1,T2,A4_U1_T2,170897,153.839,OK,4.24,192.168.15.1,11,84:0B:BB:2A:35:70,-38.0,
Ping_A4_U1_T2.txt,Ping_A4_U1_T2,A4,U1,T2,A4_U1_T2,175089,158.031,OK,4.57,192.168.15.1,11,84:0B:BB:2A:35:70,-39.0,
Ping_A4_U1_T2.txt,Ping_A4_U1_T2,A4,U1,T2,A4_U1_T2,179237,162.179,OK,5.16,192.168.15.1,11,84:0B:BB:2A:35:70,-36.0,
Ping_A4_U1_T2.txt,Ping_A4_U1_T2,A4,U1,T2,A4_U1_T2,183519,166.461,OK,3.61,192.168.15.1,11,84:0B:BB:2A:35:70,-42.0,
Ping_A4_U1_T2.txt,Ping_A4_U1_T2,A4,U1,T2,A4_U1_T2,187644,170.586,OK,2.92,192.168.15.1,11,84:0B:BB:2A:35:70,-45.0,
Ping_A4_U1_T2.txt,Ping_A4_U1_T2,A4,U1,T2,A4_U1_T2,191776,174.718,OK,5.14,192.168.15.1,11,84:0B:BB:2A:35:70,-38.0,
Ping_A4_U1_T2.txt,Ping_A4_U1_T2,A4,U1,T2,A4_U1_T2,195946,178.888,OK,11.54,192.168.15.1,11,84:0B:BB:2A:35:70,-43.0,
Ping_A4_U1_T2.txt,Ping_A4_U1_T2,A4,U1,T2,A4_U1_T2,200066,183.008,OK,5.39,192.168.15.1,11,84:0B:BB:2A:35:70,-42.0,
Ping_A4_U1_T2.txt,Ping_A4_U1_T2,A4,U1,T2,A4_U1_T2,204202,187.144,OK,4.36,192.168.15.1,11,84:0B:BB:2A:35:70,-41.0,
Ping_A4_U1_T2.txt,Ping_A4_U1_T2,A4,U1,T2,A4_U1_T2,208397,191.339,OK,15.47,192.168.15.1,11,84:0B:BB:2A:35:70,-43.0,
Ping_A4_U1_T2.txt,Ping_A4_U1_T2,A4,U1,T2,A4_U1_T2,212548,195.49,OK,9.89,192.168.15.1,11,84:0B:BB:2A:35:70,-44.0,
Ping_A4_U1_T2.txt,Ping_A4_U1_T2,A4,U1,T2,A4_U1_T2,216693,199.635,OK,7.32,192.168.15.1,11,84:0B:BB:2A:35:70,-40.0,
Ping_A4_U1_T2.txt,Ping_A4_U1_T2,A4,U1,T2,A4_U1_T2,220838,203.78,OK,5.62,192.168.15.1,11,84:0B:BB:2A:35:70,-39.0,
Ping_A4_U1_T2.txt,Ping_A4_U1_T2,A4,U1,T2,A4_U1_T2,224959,207.901,OK,3.13,192.168.15.1,11,84:0B:BB:2A:35:70,-40.0,
Ping_A4_U1_T2.txt,Ping_A4_U1_T2,A4,U1,T2,A4_U1_T2,229106,212.048,OK,4.25,192.168.15.1,11,84:0B:BB:2A:35:70,-43.0,
Ping_A4_U1_T2.txt,Ping_A4_U1_T2,A4,U1,T2,A4_U1_T2,233247,216.189,OK,5.29,192.168.15.1,11,84:0B:BB:2A:35:70,-44.0,
Ping_A4_U1_T2.txt,Ping_A4_U1_T2,A4,U1,T2,A4_U1_T2,237381,220.323,OK,4.2,192.168.15.1,11,84:0B:BB:2A:35:70,-43.0,
Ping_A4_U1_T2.txt,Ping_A4_U1_T2,A4,U1,T2,A4_U1_T2,241519,224.461,OK,2.97,192.168.15.1,11,84:0B:BB:2A:35:70,-43.0,
Ping_A4_U1_T2.txt,Ping_A4_U1_T2,A4,U1,T2,A4_U1_T2,245666,228.608,OK,6.05,192.168.15.1,11,84:0B:BB:2A:35:70,-39.0,
Ping_A4_U1_T2.txt,Ping_A4_U1_T2,A4,U1,T2,A4_U1_T2,249952,232.894,OK,4.16,192.168.15.1,11,84:0B:BB:2A:35:70,-41.0,
Ping_A4_U1_T2.txt,Ping_A4_U1_T2,A4,U1,T2,A4_U1_T2,254088,237.03,OK,4.81,192.168.15.1,11,84:0B:BB:2A:35:70,-45.0,
Ping_A4_U1_T2.txt,Ping_A4_U1_T2,A4,U1,T2,A4_U1_T2,258239,241.181,OK,6.98,192.168.15.1,11,84:0B:BB:2A:35:70,-42.0,
Ping_A4_U1_T2.txt,Ping_A4_U1_T2,A4,U1,T2,A4_U1_T2,262356,245.298,OK,3.63,192.168.15.1,11,84:0B:BB:2A:35:70,-43.0,
Ping_A4_U1_T2.txt,Ping_A4_U1_T2,A4,U1,T2,A4_U1_T2,266507,249.449,OK,5.26,192.168.15.1,11,84:0B:BB:2A:35:70,-45.0,
Ping_A4_U1_T2.txt,Ping_A4_U1_T2,A4,U1,T2,A4_U1_T2,270662,253.604,OK,5.48,192.168.15.1,11,84:0B:BB:2A:35:70,-48.0,
Ping_A5_U3_T1.txt,Ping_A5_U3_T1,A5,U3,T1,A5_U3_T1,17299,0.0,OK,55.59,192.168.15.1,11,84:0B:BB:2A:35:70,-59.0,
Ping_A5_U3_T1.txt,Ping_A5_U3_T1,A5,U3,T1,A5_U3_T1,21405,4.106,OK,9.0,192.168.15.1,11,84:0B:BB:2A:35:70,-47.0,
Ping_A5_U3_T1.txt,Ping_A5_U3_T1,A5,U3,T1,A5_U3_T1,25559,8.26,OK,18.53,192.168.15.1,11,84:0B:BB:2A:35:70,-50.0,
Ping_A5_U3_T1.txt,Ping_A5_U3_T1,A5,U3,T1,A5_U3_T1,29724,12.425,OK,10.22,192.168.15.1,11,84:0B:BB:2A:35:70,-48.0,
Ping_A5_U3_T1.txt,Ping_A5_U3_T1,A5,U3,T1,A5_U3_T1,33877,16.578,OK,8.26,192.168.15.1,11,84:0B:BB:2A:35:70,-50.0,
Ping_A5_U3_T1.txt,Ping_A5_U3_T1,A5,U3,T1,A5_U3_T1,38023,20.724,OK,5.05,192.168.15.1,11,84:0B:BB:2A:35:70,-49.0,
Ping_A5_U3_T1.txt,Ping_A5_U3_T1,A5,U3,T1,A5_U3_T1,42162,24.863,OK,5.51,192.168.15.1,11,84:0B:BB:2A:35:70,-49.0,
Ping_A5_U3_T1.txt,Ping_A5_U3_T1,A5,U3,T1,A5_U3_T1,46320,29.021,OK,6.19,192.168.15.1,11,84:0B:BB:2A:35:70,-49.0,
Ping_A5_U3_T1.txt,Ping_A5_U3_T1,A5,U3,T1,A5_U3_T1,50588,33.289,OK,5.22,192.168.15.1,11,84:0B:BB:2A:35:70,-51.0,
Ping_A5_U3_T1.txt,Ping_A5_U3_T1,A5,U3,T1,A5_U3_T1,54728,37.429,OK,5.29,192.168.15.1,11,84:0B:BB:2A:35:70,-51.0,
Ping_A5_U3_T1.txt,Ping_A5_U3_T1,A5,U3,T1,A5_U3_T1,58901,41.602,OK,13.68,192.168.15.1,11,84:0B:BB:2A:35:70,-51.0,
Ping_A5_U3_T1.txt,Ping_A5_U3_T1,A5,U3,T1,A5_U3_T1,63051,45.752,OK,6.69,192.168.15.1,11,84:0B:BB:2A:35:70,-50.0,
Ping_A5_U3_T1.txt,Ping_A5_U3_T1,A5,U3,T1,A5_U3_T1,67204,49.905,OK,7.59,192.168.15.1,11,84:0B:BB:2A:35:70,-51.0,
Ping_A5_U3_T1.txt,Ping_A5_U3_T1,A5,U3,T1,A5_U3_T1,71347,54.048,OK,6.04,192.168.15.1,11,84:0B:BB:2A:35:70,-46.0,
Ping_A5_U3_T1.txt,Ping_A5_U3_T1,A5,U3,T1,A5_U3_T1,75517,58.218,OK,9.76,192.168.15.1,11,84:0B:BB:2A:35:70,-50.0,
Ping_A5_U3_T1.txt,Ping_A5_U3_T1,A5,U3,T1,A5_U3_T1,79660,62.361,OK,8.98,192.168.15.1,11,84:0B:BB:2A:35:70,-51.0,
Ping_A5_U3_T1.txt,Ping_A5_U3_T1,A5,U3,T1,A5_U3_T1,83799,66.5,OK,3.28,192.168.15.1,11,84:0B:BB:2A:35:70,-50.0,
Ping_A5_U3_T1.txt,Ping_A5_U3_T1,A5,U3,T1,A5_U3_T1,87958,70.659,OK,6.89,192.168.15.1,11,84:0B:BB:2A:35:70,-51.0,
Ping_A5_U3_T1.txt,Ping_A5_U3_T1,A5,U3,T1,A5_U3_T1,92094,74.795,OK,4.76,192.168.15.1,11,84:0B:BB:2A:35:70,-49.0,
Ping_A5_U3_T1.txt,Ping_A5_U3_T1,A5,U3,T1,A5_U3_T1,96231,78.932,OK,4.84,192.168.15.1,11,84:0B:BB:2A:35:70,-50.0,
Ping_A5_U3_T1.txt,Ping_A5_U3_T1,A5,U3,T1,A5_U3_T1,100370,83.071,OK,4.37,192.168.15.1,11,84:0B:BB:2A:35:70,-50.0,
Ping_A5_U3_T1.txt,Ping_A5_U3_T1,A5,U3,T1,A5_U3_T1,104504,87.205,OK,3.46,192.168.15.1,11,84:0B:BB:2A:35:70,-50.0,
Ping_A5_U3_T1.txt,Ping_A5_U3_T1,A5,U3,T1,A5_U3_T1,108662,91.363,OK,4.55,192.168.15.1,11,84:0B:BB:2A:35:70,-50.0,
Ping_A5_U3_T1.txt,Ping_A5_U3_T1,A5,U3,T1,A5_U3_T1,112818,95.519,OK,7.71,192.168.15.1,11,84:0B:BB:2A:35:70,-50.0,
Ping_A5_U3_T1.txt,Ping_A5_U3_T1,A5,U3,T1,A5_U3_T1,117132,99.833,OK,7.13,192.168.15.1,11,84:0B:BB:2A:35:70,-50.0,
Ping_A5_U3_T1.txt,Ping_A5_U3_T1,A5,U3,T1,A5_U3_T1,121313,104.014,OK,13.98,192.168.15.1,11,84:0B:BB:2A:35:70,-49.0,
Ping_A5_U3_T1.txt,Ping_A5_U3_T1,A5,U3,T1,A5_U3_T1,125476,108.177,OK,7.43,192.168.15.1,11,84:0B:BB:2A:35:70,-49.0,
Ping_A5_U3_T1.txt,Ping_A5_U3_T1,A5,U3,T1,A5_U3_T1,129736,112.437,OK,28.09,192.168.15.1,11,84:0B:BB:2A:35:70,-50.0,
Ping_A5_U3_T1.txt,Ping_A5_U3_T1,A5,U3,T1,A5_U3_T1,133887,116.588,OK,6.98,192.168.15.1,11,84:0B:BB:2A:35:70,-49.0,
Ping_A5_U3_T1.txt,Ping_A5_U3_T1,A5,U3,T1,A5_U3_T1,138039,120.74,OK,5.42,192.168.15.1,11,84:0B:BB:2A:35:70,-51.0,
Ping_A5_U3_T1.txt,Ping_A5_U3_T1,A5,U3,T1,A5_U3_T1,142183,124.884,OK,7.19,192.168.15.1,11,84:0B:BB:2A:35:70,-50.0,
Ping_A5_U3_T1.txt,Ping_A5_U3_T1,A5,U3,T1,A5_U3_T1,146366,129.067,OK,10.47,192.168.15.1,11,84:0B:BB:2A:35:70,-49.0,
Ping_A5_U3_T1.txt,Ping_A5_U3_T1,A5,U3,T1,A5_U3_T1,150524,133.225,OK,5.16,192.168.15.1,11,84:0B:BB:2A:35:70,-48.0,
Ping_A5_U3_T1.txt,Ping_A5_U3_T1,A5,U3,T1,A5_U3_T1,154661,137.362,OK,3.7,192.168.15.1,11,84:0B:BB:2A:35:70,-50.0,
Ping_A5_U3_T1.txt,Ping_A5_U3_T1,A5,U3,T1,A5_U3_T1,158833,141.534,OK,9.96,192.168.15.1,11,84:0B:BB:2A:35:70,-51.0,
Ping_A5_U3_T1.txt,Ping_A5_U3_T1,A5,U3,T1,A5_U3_T1,162986,145.687,OK,4.53,192.168.15.1,11,84:0B:BB:2A:35:70,-49.0,
Ping_A5_U3_T1.txt,Ping_A5_U3_T1,A5,U3,T1,A5_U3_T1,167155,149.856,OK,7.27,192.168.15.1,11,84:0B:BB:2A:35:70,-50.0,
Ping_A5_U3_T1.txt,Ping_A5_U3_T1,A5,U3,T1,A5_U3_T1,171337,154.038,OK,8.86,192.168.15.1,11,84:0B:BB:2A:35:70,-50.0,
Ping_A5_U3_T1.txt,Ping_A5_U3_T1,A5,U3,T1,A5_U3_T1,175536,158.237,OK,3.77,192.168.15.1,11,84:0B:BB:2A:35:70,-49.0,
Ping_A5_U3_T1.txt,Ping_A5_U3_T1,A5,U3,T1,A5_U3_T1,180014,162.715,OK,72.03,192.168.15.1,11,84:0B:BB:2A:35:70,-50.0,
Ping_A5_U3_T1.txt,Ping_A5_U3_T1,A5,U3,T1,A5_U3_T1,184389,167.09,OK,24.3,192.168.15.1,11,84:0B:BB:2A:35:70,-50.0,
Ping_A5_U3_T1.txt,Ping_A5_U3_T1,A5,U3,T1,A5_U3_T1,188549,171.25,OK,11.1,192.168.15.1,11,84:0B:BB:2A:35:70,-50.0,
Ping_A5_U3_T1.txt,Ping_A5_U3_T1,A5,U3,T1,A5_U3_T1,192694,175.395,OK,8.43,192.168.15.1,11,84:0B:BB:2A:35:70,-50.0,
Ping_A5_U3_T1.txt,Ping_A5_U3_T1,A5,U3,T1,A5_U3_T1,196865,179.566,OK,11.4,192.168.15.1,11,84:0B:BB:2A:35:70,-48.0,
Ping_A5_U3_T1.txt,Ping_A5_U3_T1,A5,U3,T1,A5_U3_T1,201006,183.707,OK,9.31,192.168.15.1,11,84:0B:BB:2A:35:70,-49.0,
Ping_A5_U3_T1.txt,Ping_A5_U3_T1,A5,U3,T1,A5_U3_T1,205145,187.846,OK,4.04,192.168.15.1,11,84:0B:BB:2A:35:70,-49.0,
Ping_A5_U3_T1.txt,Ping_A5_U3_T1,A5,U3,T1,A5_U3_T1,209282,191.983,OK,3.49,192.168.15.1,11,84:0B:BB:2A:35:70,-49.0,
Ping_A5_U3_T1.txt,Ping_A5_U3_T1,A5,U3,T1,A5_U3_T1,213417,196.118,OK,5.92,192.168.15.1,11,84:0B:BB:2A:35:70,-49.0,
Ping_A5_U3_T1.txt,Ping_A5_U3_T1,A5,U3,T1,A5_U3_T1,217554,200.255,OK,5.9,192.168.15.1,11,84:0B:BB:2A:35:70,-56.0,
Ping_A5_U3_T1.txt,Ping_A5_U3_T1,A5,U3,T1,A5_U3_T1,221709,204.41,OK,8.58,192.168.15.1,11,84:0B:BB:2A:35:70,-50.0,
Ping_A5_U3_T1.txt,Ping_A5_U3_T1,A5,U3,T1,A5_U3_T1,225867,208.568,OK,7.54,192.168.15.1,11,84:0B:BB:2A:35:70,-50.0,
Ping_A5_U3_T1.txt,Ping_A5_U3_T1,A5,U3,T1,A5_U3_T1,230007,212.708,OK,6.45,192.168.15.1,11,84:0B:BB:2A:35:70,-50.0,
Ping_A5_U3_T1.txt,Ping_A5_U3_T1,A5,U3,T1,A5_U3_T1,234141,216.842,OK,6.03,192.168.15.1,11,84:0B:BB:2A:35:70,-50.0,
Ping_A5_U3_T1.txt,Ping_A5_U3_T1,A5,U3,T1,A5_U3_T1,238302,221.003,OK,7.74,192.168.15.1,11,84:0B:BB:2A:35:70,-50.0,
Ping_A5_U3_T1.txt,Ping_A5_U3_T1,A5,U3,T1,A5_U3_T1,242478,225.179,OK,10.17,192.168.15.1,11,84:0B:BB:2A:35:70,-51.0,
Ping_A5_U3_T1.txt,Ping_A5_U3_T1,A5,U3,T1,A5_U3_T1,246865,229.566,OK,52.63,192.168.15.1,11,84:0B:BB:2A:35:70,-49.0,
Ping_A5_U3_T1.txt,Ping_A5_U3_T1,A5,U3,T1,A5_U3_T1,251192,233.893,OK,14.39,192.168.15.1,11,84:0B:BB:2A:35:70,-50.0,
Ping_A5_U3_T1.txt,Ping_A5_U3_T1,A5,U3,T1,A5_U3_T1,255340,238.041,OK,7.18,192.168.15.1,11,84:0B:BB:2A:35:70,-50.0,
Ping_A5_U3_T1.txt,Ping_A5_U3_T1,A5,U3,T1,A5_U3_T1,259492,242.193,OK,6.83,192.168.15.1,11,84:0B:BB:2A:35:70,-50.0,
Ping_A5_U3_T1.txt,Ping_A5_U3_T1,A5,U3,T1,A5_U3_T1,263614,246.315,OK,4.32,192.168.15.1,11,84:0B:BB:2A:35:70,-50.0,
Ping_A5_U3_T1.txt,Ping_A5_U3_T1,A5,U3,T1,A5_U3_T1,267756,250.457,OK,4.17,192.168.15.1,11,84:0B:BB:2A:35:70,-51.0,
Ping_A5_U3_T1.txt,Ping_A5_U3_T1,A5,U3,T1,A5_U3_T1,271953,254.654,OK,13.8,192.168.15.1,11,84:0B:BB:2A:35:70,-50.0,
Ping_A5_U3_T1.txt,Ping_A5_U3_T1,A5,U3,T1,A5_U3_T1,276119,258.82,OK,10.26,192.168.15.1,11,84:0B:BB:2A:35:70,-50.0,
Ping_A5_U3_T1.txt,Ping_A5_U3_T1,A5,U3,T1,A5_U3_T1,280255,262.956,OK,4.9,192.168.15.1,11,84:0B:BB:2A:35:70,-50.0,
Ping_A5_U3_T1.txt,Ping_A5_U3_T1,A5,U3,T1,A5_U3_T1,284402,267.103,OK,4.68,192.168.15.1,11,84:0B:BB:2A:35:70,-49.0,
Ping_A5_U3_T1.txt,Ping_A5_U3_T1,A5,U3,T1,A5_U3_T1,288566,271.267,OK,6.94,192.168.15.1,11,84:0B:BB:2A:35:70,-50.0,
Ping_A5_U3_T1.txt,Ping_A5_U3_T1,A5,U3,T1,A5_U3_T1,292707,275.408,OK,4.53,192.168.15.1,11,84:0B:BB:2A:35:70,-50.0,
Ping_A5_U3_T1.txt,Ping_A5_U3_T1,A5,U3,T1,A5_U3_T1,296876,279.577,OK,9.28,192.168.15.1,11,84:0B:BB:2A:35:70,-48.0,
Ping_A5_U3_T1.txt,Ping_A5_U3_T1,A5,U3,T1,A5_U3_T1,301180,283.881,OK,34.3,192.168.15.1,11,84:0B:BB:2A:35:70,-49.0,
Ping_A5_U3_T1.txt,Ping_A5_U3_T1,A5,U3,T1,A5_U3_T1,305360,288.061,OK,9.27,192.168.15.1,11,84:0B:BB:2A:35:70,-49.0,
Ping_A5_U3_T1.txt,Ping_A5_U3_T1,A5,U3,T1,A5_U3_T1,309567,292.268,OK,14.13,192.168.15.1,11,84:0B:BB:2A:35:70,-49.0,
Ping_A5_U3_T1.txt,Ping_A5_U3_T1,A5,U3,T1,A5_U3_T1,313731,296.432,OK,8.01,192.168.15.1,11,84:0B:BB:2A:35:70,-50.0,
Ping_A5_U3_T1.txt,Ping_A5_U3_T1,A5,U3,T1,A5_U3_T1,318022,300.723,OK,5.33,192.168.15.1,11,84:0B:BB:2A:35:70,-50.0,
Ping_A5_U3_T1.txt,Ping_A5_U3_T1,A5,U3,T1,A5_U3_T1,322174,304.875,OK,4.47,192.168.15.1,11,84:0B:BB:2A:35:70,-48.0,
Ping_A5_U3_T1.txt,Ping_A5_U3_T1,A5,U3,T1,A5_U3_T1,326349,309.05,OK,13.94,192.168.15.1,11,84:0B:BB:2A:35:70,-49.0,
Ping_A5_U3_T1.txt,Ping_A5_U3_T1,A5,U3,T1,A5_U3_T1,330545,313.246,OK,12.97,192.168.15.1,11,84:0B:BB:2A:35:70,-48.0,
Ping_A5_U3_T1.txt,Ping_A5_U3_T1,A5,U3,T1,A5_U3_T1,334704,317.405,OK,5.67,192.168.15.1,11,84:0B:BB:2A:35:70,-50.0,
Ping_A5_U3_T1.txt,Ping_A5_U3_T1,A5,U3,T1,A5_U3_T1,338879,321.58,OK,3.37,192.168.15.1,11,84:0B:BB:2A:35:70,-50.0,
Ping_A5_U3_T1.txt,Ping_A5_U3_T1,A5,U3,T1,A5_U3_T1,343035,325.736,OK,8.97,192.168.15.1,11,84:0B:BB:2A:35:70,-49.0,
Ping_A5_U3_T1.txt,Ping_A5_U3_T1,A5,U3,T1,A5_U3_T1,347179,329.88,OK,6.05,192.168.15.1,11,84:0B:BB:2A:35:70,-49.0,
Ping_A5_U3_T1.txt,Ping_A5_U3_T1,A5,U3,T1,A5_U3_T1,351329,334.03,OK,8.9,192.168.15.1,11,84:0B:BB:2A:35:70,-49.0,
Ping_A5_U3_T1.txt,Ping_A5_U3_T1,A5,U3,T1,A5_U3_T1,355476,338.177,OK,6.09,192.168.15.1,11,84:0B:BB:2A:35:70,-49.0,
Ping_A5_U3_T1.txt,Ping_A5_U3_T1,A5,U3,T1,A5_U3_T1,359623,342.324,OK,6.56,192.168.15.1,11,84:0B:BB:2A:35:70,-48.0,
Ping_A5_U3_T1.txt,Ping_A5_U3_T1,A5,U3,T1,A5_U3_T1,363771,346.472,OK,5.82,192.168.15.1,11,84:0B:BB:2A:35:70,-48.0,
Ping_A5_U3_T1.txt,Ping_A5_U3_T1,A5,U3,T1,A5_U3_T1,367938,350.639,OK,9.66,192.168.15.1,11,84:0B:BB:2A:35:70,-49.0,
Ping_A5_U3_T1.txt,Ping_A5_U3_T1,A5,U3,T1,A5_U3_T1,373068,355.769,OK,6.27,192.168.15.1,11,84:0B:BB:2A:35:70,-49.0,
Ping_A5_U3_T1.txt,Ping_A5_U3_T1,A5,U3,T1,A5_U3_T1,377215,359.916,OK,5.54,192.168.15.1,11,84:0B:BB:2A:35:70,-50.0,
Ping_A5_U3_T1.txt,Ping_A5_U3_T1,A5,U3,T1,A5_U3_T1,381357,364.058,OK,5.43,192.168.15.1,11,84:0B:BB:2A:35:70,-50.0,
Ping_A5_U3_T1.txt,Ping_A5_U3_T1,A5,U3,T1,A5_U3_T1,385614,368.315,OK,5.12,192.168.15.1,11,84:0B:BB:2A:35:70,-50.0,
Ping_A5_U3_T1.txt,Ping_A5_U3_T1,A5,U3,T1,A5_U3_T1,389752,372.453,OK,3.93,192.168.15.1,11,84:0B:BB:2A:35:70,-49.0,
Ping_A5_U3_T1.txt,Ping_A5_U3_T1,A5,U3,T1,A5_U3_T1,393907,376.608,OK,7.7,192.168.15.1,11,84:0B:BB:2A:35:70,-50.0,
Ping_A5_U3_T1.txt,Ping_A5_U3_T1,A5,U3,T1,A5_U3_T1,398042,380.743,OK,5.79,192.168.15.1,11,84:0B:BB:2A:35:70,-50.0,
Ping_A5_U3_T1.txt,Ping_A5_U3_T1,A5,U3,T1,A5_U3_T1,402196,384.897,OK,9.36,192.168.15.1,11,84:0B:BB:2A:35:70,-49.0,
Ping_A5_U3_T1.txt,Ping_A5_U3_T1,A5,U3,T1,A5_U3_T1,406335,389.036,OK,5.36,192.168.15.1,11,84:0B:BB:2A:35:70,-56.0,
Ping_A5_U3_T1.txt,Ping_A5_U3_T1,A5,U3,T1,A5_U3_T1,410479,393.18,OK,3.7,192.168.15.1,11,84:0B:BB:2A:35:70,-49.0,
Ping_A5_U3_T1.txt,Ping_A5_U3_T1,A5,U3,T1,A5_U3_T1,414631,397.332,OK,8.34,192.168.15.1,11,84:0B:BB:2A:35:70,-49.0,
Ping_A5_U3_T1.txt,Ping_A5_U3_T1,A5,U3,T1,A5_U3_T1,418785,401.486,OK,6.24,192.168.15.1,11,84:0B:BB:2A:35:70,-49.0,
Ping_A5_U3_T1.txt,Ping_A5_U3_T1,A5,U3,T1,A5_U3_T1,422955,405.656,OK,10.24,192.168.15.1,11,84:0B:BB:2A:35:70,-50.0,
Ping_A5_U3_T1.txt,Ping_A5_U3_T1,A5,U3,T1,A5_U3_T1,427106,409.807,OK,6.74,192.168.15.1,11,84:0B:BB:2A:35:70,-49.0,
Ping_A5_U3_T1.txt,Ping_A5_U3_T1,A5,U3,T1,A5_U3_T1,431268,413.969,OK,6.74,192.168.15.1,11,84:0B:BB:2A:35:70,-50.0,
Ping_A5_U3_T1.txt,Ping_A5_U3_T1,A5,U3,T1,A5_U3_T1,435419,418.12,OK,6.7,192.168.15.1,11,84:0B:BB:2A:35:70,-48.0,
Ping_A5_U3_T1.txt,Ping_A5_U3_T1,A5,U3,T1,A5_U3_T1,439577,422.278,OK,5.45,192.168.15.1,11,84:0B:BB:2A:35:70,-49.0,
Ping_A5_U3_T1.txt,Ping_A5_U3_T1,A5,U3,T1,A5_U3_T1,443734,426.435,OK,6.01,192.168.15.1,11,84:0B:BB:2A:35:70,-50.0,
Ping_A5_U3_T1.txt,Ping_A5_U3_T1,A5,U3,T1,A5_U3_T1,447878,430.579,OK,4.17,192.168.15.1,11,84:0B:BB:2A:35:70,-49.0,
Ping_A5_U3_T1.txt,Ping_A5_U3_T1,A5,U3,T1,A5_U3_T1,452152,434.853,OK,3.45,192.168.15.1,11,84:0B:BB:2A:35:70,-49.0,
Ping_A5_U3_T1.txt,Ping_A5_U3_T1,A5,U3,T1,A5_U3_T1,456326,439.027,OK,9.08,192.168.15.1,11,84:0B:BB:2A:35:70,-51.0,
Ping_A5_U3_T1.txt,Ping_A5_U3_T1,A5,U3,T1,A5_U3_T1,460456,443.157,OK,4.1,192.168.15.1,11,84:0B:BB:2A:35:70,-50.0,
Ping_A5_U3_T1.txt,Ping_A5_U3_T1,A5,U3,T1,A5_U3_T1,464612,447.313,OK,9.08,192.168.15.1,11,84:0B:BB:2A:35:70,-48.0,
Ping_A5_U3_T1.txt,Ping_A5_U3_T1,A5,U3,T1,A5_U3_T1,468760,451.461,OK,4.96,192.168.15.1,11,84:0B:BB:2A:35:70,-48.0,
Ping_A5_U3_T1.txt,Ping_A5_U3_T1,A5,U3,T1,A5_U3_T1,472923,455.624,OK,6.12,192.168.15.1,11,84:0B:BB:2A:35:70,-49.0,
Ping_A5_U3_T1.txt,Ping_A5_U3_T1,A5,U3,T1,A5_U3_T1,477060,459.761,OK,3.7,192.168.15.1,11,84:0B:BB:2A:35:70,-57.0,
Ping_A5_U3_T1.txt,Ping_A5_U3_T1,A5,U3,T1,A5_U3_T1,481216,463.917,OK,4.86,192.168.15.1,11,84:0B:BB:2A:35:70,-50.0,
Ping_A5_U3_T1.txt,Ping_A5_U3_T1,A5,U3,T1,A5_U3_T1,485371,468.072,OK,5.61,192.168.15.1,11,84:0B:BB:2A:35:70,-46.0,
Ping_A5_U3_T1.txt,Ping_A5_U3_T1,A5,U3,T1,A5_U3_T1,489516,472.217,OK,4.57,192.168.15.1,11,84:0B:BB:2A:35:70,-49.0,
Ping_A5_U3_T1.txt,Ping_A5_U3_T1,A5,U3,T1,A5_U3_T1,493666,476.367,OK,3.31,192.168.15.1,11,84:0B:BB:2A:35:70,-46.0,
Ping_A5_U3_T2.txt,Ping_A5_U3_T2,A5,U3,T2,A5_U3_T2,17032,0.0,OK,13.06,192.168.15.1,11,84:0B:BB:2A:35:70,-45.0,
Ping_A5_U3_T2.txt,Ping_A5_U3_T2,A5,U3,T2,A5_U3_T2,21209,4.177,OK,7.24,192.168.15.1,11,84:0B:BB:2A:35:70,-44.0,
Ping_A5_U3_T2.txt,Ping_A5_U3_T2,A5,U3,T2,A5_U3_T2,25304,8.272,OK,6.94,192.168.15.1,11,84:0B:BB:2A:35:70,-44.0,
Ping_A5_U3_T2.txt,Ping_A5_U3_T2,A5,U3,T2,A5_U3_T2,29511,12.479,OK,19.61,192.168.15.1,11,84:0B:BB:2A:35:70,-43.0,
Ping_A5_U3_T2.txt,Ping_A5_U3_T2,A5,U3,T2,A5_U3_T2,33654,16.622,OK,6.85,192.168.15.1,11,84:0B:BB:2A:35:70,-41.0,
Ping_A5_U3_T2.txt,Ping_A5_U3_T2,A5,U3,T2,A5_U3_T2,37815,20.783,OK,10.56,192.168.15.1,11,84:0B:BB:2A:35:70,-41.0,
Ping_A5_U3_T2.txt,Ping_A5_U3_T2,A5,U3,T2,A5_U3_T2,41961,24.929,OK,5.02,192.168.15.1,11,84:0B:BB:2A:35:70,-40.0,
Ping_A5_U3_T2.txt,Ping_A5_U3_T2,A5,U3,T2,A5_U3_T2,46109,29.077,OK,7.19,192.168.15.1,11,84:0B:BB:2A:35:70,-40.0,
Ping_A5_U3_T2.txt,Ping_A5_U3_T2,A5,U3,T2,A5_U3_T2,50234,33.202,OK,2.89,192.168.15.1,11,84:0B:BB:2A:35:70,-41.0,
Ping_A5_U3_T2.txt,Ping_A5_U3_T2,A5,U3,T2,A5_U3_T2,54426,37.394,OK,13.19,192.168.15.1,11,84:0B:BB:2A:35:70,-40.0,
Ping_A5_U3_T2.txt,Ping_A5_U3_T2,A5,U3,T2,A5_U3_T2,58566,41.534,OK,5.13,192.168.15.1,11,84:0B:BB:2A:35:70,-40.0,
Ping_A5_U3_T2.txt,Ping_A5_U3_T2,A5,U3,T2,A5_U3_T2,62845,45.813,OK,5.01,192.168.15.1,11,84:0B:BB:2A:35:70,-41.0,
Ping_A5_U3_T2.txt,Ping_A5_U3_T2,A5,U3,T2,A5_U3_T2,66984,49.952,OK,6.91,192.168.15.1,11,84:0B:BB:2A:35:70,-40.0,
Ping_A5_U3_T2.txt,Ping_A5_U3_T2,A5,U3,T2,A5_U3_T2,71122,54.09,OK,3.84,192.168.15.1,11,84:0B:BB:2A:35:70,-39.0,
Ping_A5_U3_T2.txt,Ping_A5_U3_T2,A5,U3,T2,A5_U3_T2,75235,58.203,OK,3.28,192.168.15.1,11,84:0B:BB:2A:35:70,-41.0,
Ping_A5_U3_T2.txt,Ping_A5_U3_T2,A5,U3,T2,A5_U3_T2,80369,63.337,OK,3.99,192.168.15.1,11,84:0B:BB:2A:35:70,-41.0,
Ping_A5_U3_T2.txt,Ping_A5_U3_T2,A5,U3,T2,A5_U3_T2,84510,67.478,OK,3.55,192.168.15.1,11,84:0B:BB:2A:35:70,-43.0,
Ping_A5_U3_T2.txt,Ping_A5_U3_T2,A5,U3,T2,A5_U3_T2,88643,71.611,OK,4.8,192.168.15.1,11,84:0B:BB:2A:35:70,-40.0,
Ping_A5_U3_T2.txt,Ping_A5_U3_T2,A5,U3,T2,A5_U3_T2,92815,75.783,OK,12.22,192.168.15.1,11,84:0B:BB:2A:35:70,-40.0,
Ping_A5_U3_T2.txt,Ping_A5_U3_T2,A5,U3,T2,A5_U3_T2,96960,79.928,OK,5.79,192.168.15.1,11,84:0B:BB:2A:35:70,-41.0,
Ping_A5_U3_T2.txt,Ping_A5_U3_T2,A5,U3,T2,A5_U3_T2,101104,84.072,OK,6.18,192.168.15.1,11,84:0B:BB:2A:35:70,-39.0,
Ping_A5_U3_T2.txt,Ping_A5_U3_T2,A5,U3,T2,A5_U3_T2,105264,88.232,OK,6.16,192.168.15.1,11,84:0B:BB:2A:35:70,-39.0,
Ping_A5_U3_T2.txt,Ping_A5_U3_T2,A5,U3,T2,A5_U3_T2,109421,92.389,OK,8.08,192.168.15.1,11,84:0B:BB:2A:35:70,-40.0,
Ping_A5_U3_T2.txt,Ping_A5_U3_T2,A5,U3,T2,A5_U3_T2,113554,96.522,OK,2.88,192.168.15.1,11,84:0B:BB:2A:35:70,-40.0,
Ping_A5_U3_T2.txt,Ping_A5_U3_T2,A5,U3,T2,A5_U3_T2,117715,100.683,OK,6.59,192.168.15.1,11,84:0B:BB:2A:35:70,-40.0,
Ping_A5_U3_T2.txt,Ping_A5_U3_T2,A5,U3,T2,A5_U3_T2,121864,104.832,OK,5.08,192.168.15.1,11,84:0B:BB:2A:35:70,-40.0,
Ping_A5_U3_T2.txt,Ping_A5_U3_T2,A5,U3,T2,A5_U3_T2,126044,109.012,OK,10.75,192.168.15.1,11,84:0B:BB:2A:35:70,-40.0,
Ping_A5_U3_T2.txt,Ping_A5_U3_T2,A5,U3,T2,A5_U3_T2,130329,113.297,OK,3.35,192.168.15.1,11,84:0B:BB:2A:35:70,-40.0,
Ping_A5_U3_T2.txt,Ping_A5_U3_T2,A5,U3,T2,A5_U3_T2,134580,117.548,OK,26.46,192.168.15.1,11,84:0B:BB:2A:35:70,-39.0,
Ping_A5_U3_T2.txt,Ping_A5_U3_T2,A5,U3,T2,A5_U3_T2,138724,121.692,OK,7.78,192.168.15.1,11,84:0B:BB:2A:35:70,-45.0,
Ping_A5_U3_T2.txt,Ping_A5_U3_T2,A5,U3,T2,A5_U3_T2,142878,125.846,OK,4.65,192.168.15.1,11,84:0B:BB:2A:35:70,-42.0,
Ping_A5_U3_T2.txt,Ping_A5_U3_T2,A5,U3,T2,A5_U3_T2,147038,130.006,OK,5.58,192.168.15.1,11,84:0B:BB:2A:35:70,-42.0,
Ping_A5_U3_T2.txt,Ping_A5_U3_T2,A5,U3,T2,A5_U3_T2,151180,134.148,OK,5.06,192.168.15.1,11,84:0B:BB:2A:35:70,-42.0,
Ping_A5_U3_T2.txt,Ping_A5_U3_T2,A5,U3,T2,A5_U3_T2,155323,138.291,OK,4.69,192.168.15.1,11,84:0B:BB:2A:35:70,-43.0,
Ping_A5_U3_T2.txt,Ping_A5_U3_T2,A5,U3,T2,A5_U3_T2,159490,142.458,OK,8.58,192.168.15.1,11,84:0B:BB:2A:35:70,-42.0,
Ping_A5_U3_T2.txt,Ping_A5_U3_T2,A5,U3,T2,A5_U3_T2,163643,146.611,OK,7.3,192.168.15.1,11,84:0B:BB:2A:35:70,-43.0,
Ping_A5_U3_T2.txt,Ping_A5_U3_T2,A5,U3,T2,A5_U3_T2,167810,150.778,OK,4.02,192.168.15.1,11,84:0B:BB:2A:35:70,-43.0,
Ping_A5_U3_T2.txt,Ping_A5_U3_T2,A5,U3,T2,A5_U3_T2,171986,154.954,OK,6.37,192.168.15.1,11,84:0B:BB:2A:35:70,-47.0,
Ping_A5_U3_T2.txt,Ping_A5_U3_T2,A5,U3,T2,A5_U3_T2,176218,159.186,OK,4.63,192.168.15.1,11,84:0B:BB:2A:35:70,-44.0,
Ping_A5_U3_T2.txt,Ping_A5_U3_T2,A5,U3,T2,A5_U3_T2,180361,163.329,OK,4.6,192.168.15.1,11,84:0B:BB:2A:35:70,-46.0,
Ping_A5_U3_T2.txt,Ping_A5_U3_T2,A5,U3,T2,A5_U3_T2,184480,167.448,OK,3.11,192.168.15.1,11,84:0B:BB:2A:35:70,-46.0,
Ping_A5_U3_T2.txt,Ping_A5_U3_T2,A5,U3,T2,A5_U3_T2,188634,171.602,OK,5.98,192.168.15.1,11,84:0B:BB:2A:35:70,-48.0,
Ping_A5_U3_T2.txt,Ping_A5_U3_T2,A5,U3,T2,A5_U3_T2,192797,175.765,OK,10.83,192.168.15.1,11,84:0B:BB:2A:35:70,-45.0,
Ping_A5_U3_T2.txt,Ping_A5_U3_T2,A5,U3,T2,A5_U3_T2,197048,180.016,OK,3.72,192.168.15.1,11,84:0B:BB:2A:35:70,-46.0,
Ping_A5_U3_T2.txt,Ping_A5_U3_T2,A5,U3,T2,A5_U3_T2,201256,184.224,OK,16.47,192.168.15.1,11,84:0B:BB:2A:35:70,-47.0,
Ping_A5_U3_T2.txt,Ping_A5_U3_T2,A5,U3,T2,A5_U3_T2,205404,188.372,OK,5.0,192.168.15.1,11,84:0B:BB:2A:35:70,-45.0,
Ping_A5_U3_T2.txt,Ping_A5_U3_T2,A5,U3,T2,A5_U3_T2,209558,192.526,OK,5.44,192.168.15.1,11,84:0B:BB:2A:35:70,-48.0,
Ping_A5_U3_T2.txt,Ping_A5_U3_T2,A5,U3,T2,A5_U3_T2,213705,196.673,OK,3.55,192.168.15.1,11,84:0B:BB:2A:35:70,-47.0,
Ping_A5_U3_T2.txt,Ping_A5_U3_T2,A5,U3,T2,A5_U3_T2,217861,200.829,OK,5.57,192.168.15.1,11,84:0B:BB:2A:35:70,-48.0,
Ping_A5_U3_T2.txt,Ping_A5_U3_T2,A5,U3,T2,A5_U3_T2,222014,204.982,OK,5.12,192.168.15.1,11,84:0B:BB:2A:35:70,-46.0,
Ping_A5_U3_T2.txt,Ping_A5_U3_T2,A5,U3,T2,A5_U3_T2,226172,209.14,OK,5.49,192.168.15.1,11,84:0B:BB:2A:35:70,-48.0,
Ping_A5_U3_T2.txt,Ping_A5_U3_T2,A5,U3,T2,A5_U3_T2,230348,213.316,OK,8.37,192.168.15.1,11,84:0B:BB:2A:35:70,-45.0,
Ping_A5_U3_T2.txt,Ping_A5_U3_T2,A5,U3,T2,A5_U3_T2,234587,217.555,OK,21.37,192.168.15.1,11,84:0B:BB:2A:35:70,-46.0,
Ping_A5_U3_T2.txt,Ping_A5_U3_T2,A5,U3,T2,A5_U3_T2,238747,221.715,OK,4.99,192.168.15.1,11,84:0B:BB:2A:35:70,-47.0,
Ping_A5_U3_T2.txt,Ping_A5_U3_T2,A5,U3,T2,A5_U3_T2,242888,225.856,OK,5.79,192.168.15.1,11,84:0B:BB:2A:35:70,-48.0,
Ping_A5_U3_T2.txt,Ping_A5_U3_T2,A5,U3,T2,A5_U3_T2,247042,230.01,OK,8.22,192.168.15.1,11,84:0B:BB:2A:35:70,-46.0,
Ping_A5_U3_T2.txt,Ping_A5_U3_T2,A5,U3,T2,A5_U3_T2,251216,234.184,OK,9.0,192.168.15.1,11,84:0B:BB:2A:35:70,-45.0,
Ping_A5_U3_T2.txt,Ping_A5_U3_T2,A5,U3,T2,A5_U3_T2,255359,238.327,OK,5.29,192.168.15.1,11,84:0B:BB:2A:35:70,-45.0,
Ping_A5_U3_T2.txt,Ping_A5_U3_T2,A5,U3,T2,A5_U3_T2,259496,242.464,OK,2.97,192.168.15.1,11,84:0B:BB:2A:35:70,-47.0,
Ping_A5_U3_T2.txt,Ping_A5_U3_T2,A5,U3,T2,A5_U3_T2,263794,246.762,OK,4.84,192.168.15.1,11,84:0B:BB:2A:35:70,-46.0,
Ping_A5_U3_T2.txt,Ping_A5_U3_T2,A5,U3,T2,A5_U3_T2,267945,250.913,OK,4.56,192.168.15.1,11,84:0B:BB:2A:35:70,-43.0,
Ping_A5_U3_T2.txt,Ping_A5_U3_T2,A5,U3,T2,A5_U3_T2,272349,255.317,OK,53.71,192.168.15.1,11,84:0B:BB:2A:35:70,-46.0,
